user_name,quality_grade,species_guess,scientific_name,common_name,iconic_taxon_name,taxon_id
Corey Callaghan,research,Beach Sheoak,Casuarina equisetifolia,Beach Sheoak,Plantae,62888
Corey Callaghan,research,graybark grape,Vitis cinerea,graybark grape,Plantae,130905
Corey Callaghan,research,Nickernut,Guilandina bonduc,Nickernut,Plantae,851888
Corey Callaghan,research,Firebush,Hamelia patens,Firebush,Plantae,126305
Corey Callaghan,needs_id,elephant ear,Xanthosoma robustum,elephant ear,Plantae,284200
Corey Callaghan,needs_id,Sacramento bur,Triumfetta semitriloba,Sacramento bur,Plantae,170045
Corey Callaghan,needs_id,Goosefoot-plant,Syngonium podophyllum,Goosefoot-plant,Plantae,143208
Corey Callaghan,research,resurrection fern,Pleopeltis michauxiana,resurrection fern,Plantae,698726
Corey Callaghan,research,Virginia creeper,Parthenocissus quinquefolia,Virginia creeper,Plantae,50278
Corey Callaghan,research,Possum grape,Cissus verticillata,Possum grape,Plantae,160646
Corey Callaghan,research,Cocoplum,Chrysobalanus icaco,Cocoplum,Plantae,160544
Corey Callaghan,research,Carolina willow,Salix caroliniana,Carolina willow,Plantae,125683
Corey Callaghan,research,dogfennel,Eupatorium capillifolium,dogfennel,Plantae,131154
Corey Callaghan,research,Mourning Dove,Zenaida macroura,Mourning Dove,Aves,3454
Corey Callaghan,research,White-winged Dove,Zenaida asiatica,White-winged Dove,Aves,3460
Corey Callaghan,needs_id,southern sword fern,Nephrolepis exaltata,southern sword fern,Plantae,130866
Corey Callaghan,needs_id,American Rosette Lichen,Physcia americana,American Rosette Lichen,Fungi,228037
Corey Callaghan,research,Virginia creeper,Parthenocissus quinquefolia,Virginia creeper,Plantae,50278
Corey Callaghan,research,Brown Anole,Anolis sagrei,Brown Anole,Reptilia,116461
Corey Callaghan,research,lilac tasselflower,Emilia sonchifolia,lilac tasselflower,Plantae,121287
Corey Callaghan,research,creeping beggarweed,Desmodium incanum,creeping beggarweed,Plantae,116694
Corey Callaghan,research,White beggarticks,Bidens alba,White beggarticks,Plantae,1095846
Corey Callaghan,needs_id,Citrus Flatid Planthopper,Metcalfa pruinosa,Citrus Flatid Planthopper,Insecta,126209
Corey Callaghan,research,Coontie,Zamia integrifolia,Coontie,Plantae,135560
Corey Callaghan,research,eastern poison ivy,Toxicodendron radicans,eastern poison ivy,Plantae,58732
Corey Callaghan,research,Golden Silk Spider,Trichonephila clavipes,Golden Silk Spider,Arachnida,904336
Corey Callaghan,research,Firebush,Hamelia patens,Firebush,Plantae,126305
Corey Callaghan,research,Green Buttonwood,Conocarpus erectus,Green Buttonwood,Plantae,62850
Corey Callaghan,research,red mangrove,Rhizophora mangle,red mangrove,Plantae,60335
Corey Callaghan,research,Aloe Yucca,Yucca aloifolia,Aloe Yucca,Plantae,133334
Corey Callaghan,research,Virginia creeper,Parthenocissus quinquefolia,Virginia creeper,Plantae,50278
Corey Callaghan,research,Southern Brackenfern,Pteridium caudatum,Southern Brackenfern,Plantae,167537
Corey Callaghan,research,sea grape,Coccoloba uvifera,sea grape,Plantae,127284
Corey Callaghan,research,colicwood,Myrsine cubana,colicwood,Plantae,131599
Corey Callaghan,research,Gumbo Limbo,Bursera simaruba,Gumbo Limbo,Plantae,130734
Corey Callaghan,research,Shiny-leaved Wild Coffee,Psychotria nervosa,Shiny-leaved Wild Coffee,Plantae,51599
Corey Callaghan,research,sea grape,Coccoloba uvifera,sea grape,Plantae,127284
Corey Callaghan,research,Poisonwood,Metopium toxiferum,Poisonwood,Plantae,69975
Corey Callaghan,research,cabbage palmetto,Sabal palmetto,cabbage palmetto,Plantae,123481
Corey Callaghan,research,Green Iguana,Iguana iguana,Green Iguana,Reptilia,35342
Corey Callaghan,research,House Sparrow,Passer domesticus,House Sparrow,Aves,13858
Corey Callaghan,research,White beggarticks,Bidens alba,White beggarticks,Plantae,1095846
Corey Callaghan,needs_id,Misumessus tamiami,Misumessus tamiami,,Arachnida,624864
Corey Callaghan,research,Wine-tinted Oenobotys Moth,Oenobotys vinotinctalis,Wine-tinted Oenobotys Moth,Insecta,226270
Corey Callaghan,research,Mourning Dove,Zenaida macroura,Mourning Dove,Aves,3454
Corey Callaghan,research,Spanish Moth,Xanthopastis regnatrix,Spanish Moth,Insecta,322588
Corey Callaghan,research,Sleepy Morning,Waltheria indica,Sleepy Morning,Plantae,130789
Corey Callaghan,research,Madagascar Periwinkle,Catharanthus roseus,Madagascar Periwinkle,Plantae,62924
Corey Callaghan,needs_id,Earpod Wattle,Acacia auriculiformis,Earpod Wattle,Plantae,52445
Corey Callaghan,needs_id,Beach Sheoak,Casuarina equisetifolia,Beach Sheoak,Plantae,62888
Corey Callaghan,needs_id,Fragrant flatsedge,Cyperus odoratus,Fragrant flatsedge,Plantae,63329
Corey Callaghan,needs_id,Rattleweed,Crotalaria retusa,Rattleweed,Plantae,161148
Corey Callaghan,research,Virginia creeper,Parthenocissus quinquefolia,Virginia creeper,Plantae,50278
Corey Callaghan,research,Silverling,Baccharis glomeruliflora,Silverling,Plantae,159124
Corey Callaghan,research,White beggarticks,Bidens alba,White beggarticks,Plantae,1095846
Corey Callaghan,research,Northern Curly-tailed Lizard,Leiocephalus carinatus,Northern Curly-tailed Lizard,Reptilia,39280
Corey Callaghan,needs_id,Torpedo grass,Panicum repens,Torpedo grass,Plantae,166096
Corey Callaghan,needs_id,Pretty Ruffle,Parmotrema austrosinense,Pretty Ruffle,Fungi,227235
Corey Callaghan,research,Wood Stork,Mycteria americana,Wood Stork,Aves,4742
Corey Callaghan,research,Virginia creeper,Parthenocissus quinquefolia,Virginia creeper,Plantae,50278
Corey Callaghan,needs_id,Florida Strangler Fig,Ficus aurea,Florida Strangler Fig,Plantae,120934
Corey Callaghan,needs_id,Syrrhopodon,Syrrhopodon,,Plantae,155944
Corey Callaghan,research,Shiny-leaved Wild Coffee,Psychotria nervosa,Shiny-leaved Wild Coffee,Plantae,51599
Corey Callaghan,research,Old Gray Ruffles,Parmotrema tinctorum,Old Gray Ruffles,Fungi,227259
Corey Callaghan,research,Christmas lichen,Herpothallon rubrocinctum,Christmas lichen,Fungi,464189
Corey Callaghan,needs_id,Fabronia,Fabronia,,Plantae,157283
Corey Callaghan,research,baldcypress,Taxodium distichum,baldcypress,Plantae,49666
Corey Callaghan,needs_id,Lejeunea,Lejeunea,,Plantae,157692
Corey Callaghan,research,red maple,Acer rubrum,red maple,Plantae,48098
Corey Callaghan,research,Spanish moss,Tillandsia usneoides,Spanish moss,Plantae,49569
Corey Callaghan,needs_id,Pond Apple,Annona glabra,Pond Apple,Plantae,69972
Corey Callaghan,research,Giant leather fern,Acrostichum danaeifolium,Giant leather fern,Plantae,130818
Corey Callaghan,research,red maple,Acer rubrum,red maple,Plantae,48098
Corey Callaghan,research,Bishop wood,Bischofia javanica,Bishop wood,Plantae,156333
Corey Callaghan,research,Siam weed,Chromolaena odorata,Siam weed,Plantae,199400
Corey Callaghan,needs_id,Pretty Ruffle,Parmotrema austrosinense,Pretty Ruffle,Fungi,227235
Corey Callaghan,research,colicwood,Myrsine cubana,colicwood,Plantae,131599
Corey Callaghan,research,resurrection fern,Pleopeltis michauxiana,resurrection fern,Plantae,698726
Corey Callaghan,research,Shiny-leaved Wild Coffee,Psychotria nervosa,Shiny-leaved Wild Coffee,Plantae,51599
Corey Callaghan,research,Jamaican feverplant,Tribulus cistoides,Jamaican feverplant,Plantae,169915
Corey Callaghan,research,Earleaf Greenbrier,Smilax auriculata,Earleaf Greenbrier,Plantae,127910
Corey Callaghan,needs_id,goldenrods,Solidago,goldenrods,Plantae,48678
Corey Callaghan,research,cardinal airplant,Tillandsia fasciculata,cardinal airplant,Plantae,68593
Corey Callaghan,research,saw palmetto,Serenoa repens,saw palmetto,Plantae,83102
Corey Callaghan,needs_id,eastern milkpea,Galactia volubilis,eastern milkpea,Plantae,163157
Corey Callaghan,research,Caesar weed,Urena lobata,Caesar weed,Plantae,127638
Corey Callaghan,research,Fishbone Fern,Nephrolepis cordifolia,Fishbone Fern,Plantae,48233
Corey Callaghan,research,lilac tasselflower,Emilia sonchifolia,lilac tasselflower,Plantae,121287
Corey Callaghan,research,Cocoplum,Chrysobalanus icaco,Cocoplum,Plantae,160544
Corey Callaghan,research,White beggarticks,Bidens alba,White beggarticks,Plantae,1095846
Corey Callaghan,research,saw palmetto,Serenoa repens,saw palmetto,Plantae,83102
Corey Callaghan,research,Florida Strangler Fig,Ficus aurea,Florida Strangler Fig,Plantae,120934
Corey Callaghan,research,rosary pea,Abrus precatorius,rosary pea,Plantae,122099
Corey Callaghan,research,slash pine,Pinus elliottii,slash pine,Plantae,69985
Corey Callaghan,needs_id,southern live oak,Quercus virginiana,southern live oak,Plantae,49013
Corey Callaghan,research,American beautyberry,Callicarpa americana,American beautyberry,Plantae,49193
Corey Callaghan,needs_id,Natal grass,Melinis repens,Natal grass,Plantae,77987
Corey Callaghan,needs_id,partridge pea,Chamaecrista fasciculata,partridge pea,Plantae,127907
Corey Callaghan,research,Largeflower False Rosemary,Conradina grandiflora,Largeflower False Rosemary,Plantae,160837
Corey Callaghan,needs_id,Myrtle Oak,Quercus myrtifolia,Myrtle Oak,Plantae,167660
Corey Callaghan,research,muscadine,Vitis rotundifolia,muscadine,Plantae,82529
Corey Callaghan,needs_id,American Rosette Lichen,Physcia americana,American Rosette Lichen,Fungi,228037
Corey Callaghan,needs_id,Seriated Aethes,Aethes seriatana,Seriated Aethes,Insecta,333445
Corey Callaghan,research,Cuban Tree Frog,Osteopilus septentrionalis,Cuban Tree Frog,Amphibia,24382
Corey Callaghan,research,Mayan Cichlid,Mayaheros urophthalmus,Mayan Cichlid,Actinopterygii,623746
Corey Callaghan,research,Jaguar Guapote,Parachromis managuensis,Jaguar Guapote,Actinopterygii,208891
Corey Callaghan,research,Brazilian pepper,Schinus terebinthifolia,Brazilian pepper,Plantae,130872
Corey Callaghan,research,shrubby false buttonweed,Spermacoce verticillata,shrubby false buttonweed,Plantae,169171
Corey Callaghan,research,Southern Beeblossom,Oenothera simulans,Southern Beeblossom,Plantae,914039
Corey Callaghan,needs_id,cypress family,Cupressaceae,cypress family,Plantae,47374
Corey Callaghan,research,Moonflower,Ipomoea alba,Moonflower,Plantae,164075
Corey Callaghan,needs_id,Chrysops flavidus,Chrysops flavidus,,Insecta,216865
Corey Callaghan,research,Carolina willow,Salix caroliniana,Carolina willow,Plantae,125683
Corey Callaghan,needs_id,Comb Bushmint,Mesosphaerum pectinatum,Comb Bushmint,Plantae,589897
Corey Callaghan,research,castor bean,Ricinus communis,castor bean,Plantae,56739
Corey Callaghan,needs_id,Bushy bluestem,Anatherum tenuispatheum,Bushy bluestem,Plantae,1616972
Corey Callaghan,research,Carolina willow,Salix caroliniana,Carolina willow,Plantae,125683
Corey Callaghan,needs_id,American burnweed,Erechtites hieraciifolius,American burnweed,Plantae,130888
Corey Callaghan,needs_id,climbing hempvine,Mikania scandens,climbing hempvine,Plantae,119145
Corey Callaghan,research,alligator flag,Thalia geniculata,alligator flag,Plantae,127912
Corey Callaghan,needs_id,Moonflower,Ipomoea alba,Moonflower,Plantae,164075
Corey Callaghan,research,Tylozygus bifidus,Tylozygus bifidus,,Insecta,233134
Corey Callaghan,needs_id,Graminella cognita,Graminella cognita,,Insecta,825385
Corey Callaghan,research,Slosson's metalmark moth,Tortyra slossonia,Slosson's metalmark moth,Insecta,696595
Corey Callaghan,needs_id,Seriated Aethes,Aethes seriatana,Seriated Aethes,Insecta,333445
Corey Callaghan,needs_id,Bermudagrass Stem Maggot,Atherigona reversura,Bermudagrass Stem Maggot,Insecta,418263
Corey Callaghan,research,Rugosana querci,Rugosana querci,,Insecta,343235
Corey Callaghan,needs_id,Acrolophus walsinghami,Acrolophus walsinghami,,Insecta,702390
Corey Callaghan,needs_id,Javelin Moth,Bactra verutana,Javelin Moth,Insecta,214759
Corey Callaghan,research,Grapevine Beetle,Pelidnota punctata,Grapevine Beetle,Insecta,48259
Corey Callaghan,needs_id,Diplotaxis,Diplotaxis,,Insecta,59476
Corey Callaghan,needs_id,Pecan Carpenterworm Moth,Cossula magnifica,Pecan Carpenterworm Moth,Insecta,217657
Corey Callaghan,research,Cuban May Beetle,Phyllophaga bruneri,Cuban May Beetle,Insecta,739232
Corey Callaghan,needs_id,Margined Shining Leaf Chafer,Callistethus marginatus,Margined Shining Leaf Chafer,Insecta,301410
Corey Callaghan,research,Diamondback Moth,Plutella xylostella,Diamondback Moth,Insecta,126765
Corey Callaghan,research,Killdeer,Charadrius vociferus,Killdeer,Aves,4793
Corey Callaghan,needs_id,Least Sandpiper,Calidris minutilla,Least Sandpiper,Aves,3864
Corey Callaghan,research,Boat-tailed Grackle,Quiscalus major,Boat-tailed Grackle,Aves,9601
Corey Callaghan,research,Western Cattle-Egret,Ardea ibis,Western Cattle-Egret,Aves,411086
Corey Callaghan,research,Great Blue Heron,Ardea herodias,Great Blue Heron,Aves,4956
Corey Callaghan,research,American Alligator,Alligator mississippiensis,American Alligator,Reptilia,26159
Corey Callaghan,needs_id,Java Plum,Syzygium cumini,Java plum,Plantae,169518
Corey Callaghan,research,Cuban Bulrush,Cyperus blepharoleptos,Cuban Bulrush,Plantae,583228
Corey Callaghan,research,Common Ground Dove,Columbina passerina,Common Ground Dove,Aves,3545
Corey Callaghan,research,Brown-headed Cowbird,Molothrus ater,Brown-headed Cowbird,Aves,10373
Corey Callaghan,research,Boat-tailed Grackle,Quiscalus major,Boat-tailed Grackle,Aves,9601
Corey Callaghan,research,water lettuce,Pistia stratiotes,water lettuce,Plantae,78589
Corey Callaghan,research,Rambur's Forktail,Ischnura ramburii,Rambur's Forktail,Insecta,70191
Corey Callaghan,research,Eastern Meadowlark,Sturnella magna,Eastern Meadowlark,Aves,9528
Corey Callaghan,research,Eastern Lubber Grasshopper,Romalea microptera,Eastern Lubber Grasshopper,Insecta,466003
Corey Callaghan,needs_id,Eastern Leaf-footed Bug,Leptoglossus phyllopus,Eastern Leaf-footed Bug,Insecta,61256
Corey Callaghan,research,Red-shouldered Hawk,Buteo lineatus,Red-shouldered Hawk,Aves,5206
Corey Callaghan,research,Blue Dasher,Pachydiplax longipennis,Blue Dasher,Insecta,59774
Corey Callaghan,research,Nuttall's Thistle,Cirsium nuttallii,Nuttall's Thistle,Plantae,129194
Corey Callaghan,research,Common Ground Dove,Columbina passerina,Common Ground Dove,Aves,3545
Corey Callaghan,research,Northern Cardinal,Cardinalis cardinalis,Northern Cardinal,Aves,9083
Corey Callaghan,research,Needham's Skimmer,Libellula needhami,Needham's Skimmer,Insecta,68911
Corey Callaghan,research,Eastern Pondhawk,Erythemis simplicicollis,Eastern Pondhawk,Insecta,61495
Corey Callaghan,research,Rambur's Forktail,Ischnura ramburii,Rambur's Forktail,Insecta,70191
Corey Callaghan,research,Limpkin,Aramus guarauna,Limpkin,Aves,7
Corey Callaghan,research,European Starling,Sturnus vulgaris,European Starling,Aves,14850
Corey Callaghan,research,Ghost Bulimulus,Bulimulus bonariensis,Ghost Bulimulus,Mollusca,831286
Corey Callaghan,needs_id,Lasioglossum gemmatum,Lasioglossum gemmatum,,Insecta,1450287
Corey Callaghan,research,marsh pink,Sabatia stellaris,marsh pink,Plantae,126339
Corey Callaghan,research,herbwilliam,Ptilimnium capillaceum,herbwilliam,Plantae,128655
Corey Callaghan,research,Graceful Twig Ant,Pseudomyrmex gracilis,Graceful Twig Ant,Insecta,300301
Corey Callaghan,research,Red-bellied Woodpecker,Melanerpes carolinus,Red-bellied Woodpecker,Aves,18205
Corey Callaghan,research,Carolina willow,Salix caroliniana,Carolina willow,Plantae,125683
Corey Callaghan,research,Southern Wax Myrtle,Morella cerifera,Southern Wax Myrtle,Plantae,119956
Corey Callaghan,research,Limpkin,Aramus guarauna,Limpkin,Aves,7
Corey Callaghan,research,American Bittern,Botaurus lentiginosus,American Bittern,Aves,5034
Corey Callaghan,research,Great Blue Heron,Ardea herodias,Great Blue Heron,Aves,4956
Corey Callaghan,research,Loggerhead Shrike,Lanius ludovicianus,Loggerhead Shrike,Aves,12024
Corey Callaghan,research,cabbage palmetto,Sabal palmetto,cabbage palmetto,Plantae,123481
Corey Callaghan,research,Swallow-tailed Kite,Elanoides forficatus,Swallow-tailed Kite,Aves,5301
Corey Callaghan,research,Mourning Dove,Zenaida macroura,Mourning Dove,Aves,3454
Corey Callaghan,research,Swamp Sawgrass,Cladium mariscus,Swamp Sawgrass,Plantae,160659
Corey Callaghan,research,Peruvian primrose-willow,Ludwigia peruviana,Peruvian primrose-willow,Plantae,50338
Corey Callaghan,research,Eastern Lubber Grasshopper,Romalea microptera,Eastern Lubber Grasshopper,Insecta,466003
Corey Callaghan,research,Phasey Bean,Macroptilium lathyroides,Phasey Bean,Plantae,165060
Corey Callaghan,needs_id,Poey's Furrow Bee,Halictus poeyi,Poey's Furrow Bee,Insecta,526062
Corey Callaghan,research,Halloween Pennant,Celithemis eponina,Halloween Pennant,Insecta,50147
Corey Callaghan,research,Queen,Danaus gilippus,Queen,Insecta,51743
Corey Callaghan,research,Gulf Fritillary,Dione vanillae,Gulf Fritillary,Insecta,49150
Corey Callaghan,research,Common Buckeye,Junonia coenia,Common Buckeye,Insecta,48505
Corey Callaghan,research,whitetop sedge,Rhynchospora colorata,whitetop sedge,Plantae,132685
Corey Callaghan,research,Rambur's Forktail,Ischnura ramburii,Rambur's Forktail,Insecta,70191
Corey Callaghan,research,Northern Cardinal,Cardinalis cardinalis,Northern Cardinal,Aves,9083
Corey Callaghan,research,White-eyed Vireo,Vireo griseus,White-eyed Vireo,Aves,17408
Corey Callaghan,research,Blue Dasher,Pachydiplax longipennis,Blue Dasher,Insecta,59774
Corey Callaghan,research,Common Yellowthroat,Geothlypis trichas,Common Yellowthroat,Aves,9721
Corey Callaghan,research,Horse Paper Wasp,Polistes major,Horse Paper Wasp,Insecta,244909
Corey Callaghan,research,Rambur's Forktail,Ischnura ramburii,Rambur's Forktail,Insecta,70191
Corey Callaghan,needs_id,Hunter's Little Paper Wasp,Polistes dorsalis,Hunter's Little Paper Wasp,Insecta,55263
Corey Callaghan,research,Eastern Pondhawk,Erythemis simplicicollis,Eastern Pondhawk,Insecta,61495
Corey Callaghan,needs_id,Mexican Primrose-Willow,Ludwigia octovalvis,Mexican Primrose-willow,Plantae,164861
Corey Callaghan,research,turkey tangle frogfruit,Phyla nodiflora,turkey tangle frogfruit,Plantae,59040
Corey Callaghan,research,red maple,Acer rubrum,red maple,Plantae,48098
Corey Callaghan,research,White Peacock,Anartia jatrophae,White Peacock,Insecta,49761
Corey Callaghan,research,spatterdock,Nuphar advena,spatterdock,Plantae,82504
Corey Callaghan,needs_id,Manyflower Marshpennywort,Hydrocotyle umbellata,manyflower marshpennywort,Plantae,58792
Corey Callaghan,research,North American Racer,Coluber constrictor,North American Racer,Reptilia,27137
Corey Callaghan,research,American Black Bear,Ursus americanus,American Black Bear,Mammalia,41638
Corey Callaghan,research,common ragweed,Ambrosia artemisiifolia,common ragweed,Plantae,53587
Corey Callaghan,research,Virginia creeper,Parthenocissus quinquefolia,Virginia creeper,Plantae,50278
Corey Callaghan,research,American Alligator,Alligator mississippiensis,American Alligator,Reptilia,26159
Corey Callaghan,research,Eastern Pondhawk,Erythemis simplicicollis,Eastern Pondhawk,Insecta,61495
Corey Callaghan,research,Florida Gar,Lepisosteus platyrhincus,Florida Gar,Actinopterygii,104251
Corey Callaghan,research,water lettuce,Pistia stratiotes,water lettuce,Plantae,78589
Corey Callaghan,research,Queen,Danaus gilippus,Queen,Insecta,51743
Corey Callaghan,needs_id,Southern Cattail,Typha domingensis,southern cattail,Plantae,58392
Corey Callaghan,research,Caesar weed,Urena lobata,Caesar weed,Plantae,127638
Corey Callaghan,research,Eastern Pondhawk,Erythemis simplicicollis,Eastern Pondhawk,Insecta,61495
Corey Callaghan,research,Western Honey Bee,Apis mellifera,Western Honey Bee,Insecta,47219
Corey Callaghan,research,Fraternal Potter Wasp,Eumenes fraternus,Fraternal Potter Wasp,Insecta,133765
Corey Callaghan,research,Halloween Pennant,Celithemis eponina,Halloween Pennant,Insecta,50147
Corey Callaghan,research,Little Blue Dragonlet,Erythrodiplax minuscula,Little Blue Dragonlet,Insecta,100403
Corey Callaghan,needs_id,Burma Reed,Neyraudia reynaudiana,Burma Reed,Plantae,165701
Corey Callaghan,research,Dorantes Longtail,Cecropterus dorantes,Dorantes Longtail,Insecta,1457832
Corey Callaghan,needs_id,Hilograss,Paspalum conjugatum,Hilograss,Plantae,166171
Corey Callaghan,research,Turkey Vulture,Cathartes aura,Turkey Vulture,Aves,4756
Corey Callaghan,research,Ceraunus Blue,Hemiargus ceraunus,Ceraunus Blue,Insecta,69940
Corey Callaghan,needs_id,Burma Reed,Neyraudia reynaudiana,Burma Reed,Plantae,165701
Corey Callaghan,research,Bicolored Plushback,Palpada pusilla,Bicolored Plushback,Insecta,203627
Corey Callaghan,research,Virginia creeper,Parthenocissus quinquefolia,Virginia creeper,Plantae,50278
Corey Callaghan,research,Florida Calligrapher,Toxomerus floralis,Florida Calligrapher,Insecta,910322
Corey Callaghan,research,Confluent Masked Bee,Hylaeus confluens,Confluent Masked Bee,Insecta,954790
Corey Callaghan,research,Western Honey Bee,Apis mellifera,Western Honey Bee,Insecta,47219
Corey Callaghan,needs_id,Carpenter-mimic Leafcutter Bee,Megachile xylocopoides,Carpenter-mimic Leafcutter Bee,Insecta,323780
Corey Callaghan,needs_id,Moonflower,Ipomoea alba,Moonflower,Plantae,164075
Corey Callaghan,research,Bicolored Plushback,Palpada pusilla,Bicolored Plushback,Insecta,203627
Corey Callaghan,research,Phaon Crescent,Phyciodes phaon,Phaon Crescent,Insecta,68274
Corey Callaghan,research,Red-marked Pachodynerus Wasp,Pachodynerus erynnis,Red-marked Pachodynerus Wasp,Insecta,338573
Corey Callaghan,research,Slosson's Mason Wasp,Zethus slossonae,Slosson's Mason Wasp,Insecta,429817
Corey Callaghan,research,Rambur's Forktail,Ischnura ramburii,Rambur's Forktail,Insecta,70191
Corey Callaghan,needs_id,Broad-leaved Paperbark,Melaleuca quinquenervia,Broad-leaved paperbark,Plantae,120527
Corey Callaghan,research,Virginia creeper,Parthenocissus quinquefolia,Virginia creeper,Plantae,50278
Corey Callaghan,research,Southern Green-striped Grasshopper,Chortophaga australior,Southern Green-striped Grasshopper,Insecta,130353
Corey Callaghan,research,Florida Strangler Fig,Ficus aurea,Florida Strangler Fig,Plantae,120934
Corey Callaghan,research,Black Vulture,Coragyps atratus,Black Vulture,Aves,4765
Corey Callaghan,research,Atlantic Grasshopper,Paroxya atlantica,Atlantic Grasshopper,Insecta,227277
Corey Callaghan,research,marsh fleabane,Pluchea odorata,marsh fleabane,Plantae,60146
Corey Callaghan,research,Black Swallowtail,Papilio polyxenes,Black Swallowtail,Insecta,58523
Corey Callaghan,research,oakleaf fleabane,Erigeron quercifolius,oakleaf fleabane,Plantae,131153
Corey Callaghan,research,Fourleaf Vetch,Vicia acutifolia,Fourleaf Vetch,Plantae,127151
Corey Callaghan,research,Florida Bass,Micropterus salmoides,Florida Bass,Actinopterygii,49587
Corey Callaghan,research,Redear Sunfish,Lepomis microlophus,Redear Sunfish,Actinopterygii,85127
Corey Callaghan,research,Cyrano Darner,Nasiaeschna pentacantha,Cyrano Darner,Insecta,106623
Corey Callaghan,research,Delaware Skipper,Anatrytone logan,Delaware Skipper,Insecta,58509
Corey Callaghan,research,Zebra Longwing,Heliconius charithonia,Zebra Longwing,Insecta,49766
Corey Callaghan,research,Brazilian pepper,Schinus terebinthifolia,Brazilian pepper,Plantae,130872
Corey Callaghan,needs_id,Manyflower Ragwort,Senecio polyanthemoides,Manyflower Ragwort,Plantae,594345
Corey Callaghan,research,blue mistflower,Conoclinium coelestinum,blue mistflower,Plantae,119095
Corey Callaghan,needs_id,Orange Virbia Moth,Virbia aurantiaca,Orange Virbia Moth,Insecta,196525
Corey Callaghan,research,American Alligator,Alligator mississippiensis,American Alligator,Reptilia,26159
Corey Callaghan,needs_id,Southern Carpenter Bee,Xylocopa micans,Southern Carpenter Bee,Insecta,133788
Corey Callaghan,research,Largeflower Pusley,Richardia grandiflora,Largeflower Pusley,Plantae,52078
Corey Callaghan,needs_id,Swamp Dock,Rumex verticillatus,swamp dock,Plantae,128660
Corey Callaghan,research,Nettletree,Trema micranthum,Nettletree,Plantae,169902
Corey Callaghan,research,Bicolored Plushback,Palpada pusilla,Bicolored Plushback,Insecta,203627
Corey Callaghan,needs_id,Southern Paper Wasp,Polistes bellicosus,Southern Paper Wasp,Insecta,153449
Corey Callaghan,needs_id,Augochlorine Sweat Bees,Augochlorini,Augochlorine Sweat Bees,Insecta,203037
Corey Callaghan,needs_id,False Nettle,Boehmeria cylindrica,false nettle,Plantae,75832
Corey Callaghan,research,Brown-winged Striped Sweat Bee,Agapostemon splendens,Brown-winged Striped Sweat Bee,Insecta,199056
Corey Callaghan,research,Brown-winged Striped Sweat Bee,Agapostemon splendens,Brown-winged Striped Sweat Bee,Insecta,199056
Corey Callaghan,research,marsh fern,Thelypteris palustris,marsh fern,Plantae,82569
Corey Callaghan,needs_id,Pseudomethoca sanbornii,Pseudomethoca sanbornii,,Insecta,555271
Corey Callaghan,research,Limpkin,Aramus guarauna,Limpkin,Aves,7
Corey Callaghan,research,Great Crested Flycatcher,Myiarchus crinitus,Great Crested Flycatcher,Aves,16028
Corey Callaghan,research,Gulf Fritillary,Dione vanillae,Gulf Fritillary,Insecta,49150
Corey Callaghan,research,Brazilian pepper,Schinus terebinthifolia,Brazilian pepper,Plantae,130872
Corey Callaghan,research,Compact Carpenter Ant,Camponotus planatus,Compact Carpenter Ant,Insecta,300418
Corey Callaghan,research,Blue Dasher,Pachydiplax longipennis,Blue Dasher,Insecta,59774
Corey Callaghan,research,water lettuce,Pistia stratiotes,water lettuce,Plantae,78589
Corey Callaghan,needs_id,Woolly Witchgrass,Dichanthelium scabriusculum,woolly witchgrass,Plantae,133040
Corey Callaghan,research,Boat-tailed Grackle,Quiscalus major,Boat-tailed Grackle,Aves,9601
Corey Callaghan,needs_id,Southern Amaranth,Amaranthus australis,Southern Amaranth,Plantae,158242
Corey Callaghan,research,Brown Anole,Anolis sagrei,Brown Anole,Reptilia,116461
Corey Callaghan,needs_id,Dineutus,Dineutus,,Insecta,173833
Corey Callaghan,research,White beggarticks,Bidens alba,White beggarticks,Plantae,1095846
Corey Callaghan,research,Eastern Amberwing,Perithemis tenera,Eastern Amberwing,Insecta,59776
Corey Callaghan,research,Brown-winged Striped Sweat Bee,Agapostemon splendens,Brown-winged Striped Sweat Bee,Insecta,199056
Corey Callaghan,research,Great Crested Flycatcher,Myiarchus crinitus,Great Crested Flycatcher,Aves,16028
Corey Callaghan,research,Bobolink,Dolichonyx oryzivorus,Bobolink,Aves,10487
Corey Callaghan,research,Eastern Pondhawk,Erythemis simplicicollis,Eastern Pondhawk,Insecta,61495
Corey Callaghan,research,Lantana,Lantana strigocamara,Lantana,Plantae,370492
Corey Callaghan,needs_id,Eight-toothed Cuckoo Leaf-cutter Bee,Coelioxys octodentatus,Eight-toothed Cuckoo Leaf-cutter Bee,Insecta,934230
Corey Callaghan,research,North American River Otter,Lontra canadensis,North American River Otter,Mammalia,41777
Corey Callaghan,research,Eastern Meadowlark,Sturnella magna,Eastern Meadowlark,Aves,9528
Corey Callaghan,research,water lettuce,Pistia stratiotes,water lettuce,Plantae,78589
Corey Callaghan,research,Swamp Flatsedge,Cyperus ligularis,Swamp Flatsedge,Plantae,161458
Corey Callaghan,research,Largeflower Pusley,Richardia grandiflora,Largeflower Pusley,Plantae,52078
Corey Callaghan,research,Common Ground Dove,Columbina passerina,Common Ground Dove,Aves,3545
Corey Callaghan,research,peppervine,Nekemias arborea,peppervine,Plantae,551846
Corey Callaghan,research,common water hyacinth,Pontederia crassipes,common water hyacinth,Plantae,962637
Corey Callaghan,needs_id,Florida Strangler Fig,Ficus aurea,Florida Strangler Fig,Plantae,120934
Corey Callaghan,research,saw greenbrier,Smilax bona-nox,saw greenbrier,Plantae,125677
Corey Callaghan,research,Peruvian primrose-willow,Ludwigia peruviana,Peruvian primrose-willow,Plantae,50338
Corey Callaghan,research,Largeflower Pusley,Richardia grandiflora,Largeflower Pusley,Plantae,52078
Corey Callaghan,research,Nuttall's Thistle,Cirsium nuttallii,Nuttall's Thistle,Plantae,129194
Corey Callaghan,research,blue mistflower,Conoclinium coelestinum,blue mistflower,Plantae,119095
Corey Callaghan,research,turkey tangle frogfruit,Phyla nodiflora,turkey tangle frogfruit,Plantae,59040
Corey Callaghan,research,Black Swallowtail,Papilio polyxenes,Black Swallowtail,Insecta,58523
Corey Callaghan,research,White beggarticks,Bidens alba,White beggarticks,Plantae,1095846
Corey Callaghan,research,Emerald Flower Scarab,Trichiotinus lunulatus,Emerald Flower Scarab,Insecta,491310
Corey Callaghan,research,Misumessus tamiami,Misumessus tamiami,,Arachnida,624864
Corey Callaghan,research,Halloween Pennant,Celithemis eponina,Halloween Pennant,Insecta,50147
Corey Callaghan,research,Southern Green-striped Grasshopper,Chortophaga australior,Southern Green-striped Grasshopper,Insecta,130353
Corey Callaghan,research,Osprey,Pandion haliaetus,Osprey,Aves,116999
Corey Callaghan,research,Dainty Sulphur,Nathalis iole,Dainty Sulphur,Insecta,51773
Corey Callaghan,research,red maple,Acer rubrum,red maple,Plantae,48098
Corey Callaghan,research,Western Honey Bee,Apis mellifera,Western Honey Bee,Insecta,47219
Corey Callaghan,research,Great Southern White,Ascia monuste,Great Southern White,Insecta,51536
Corey Callaghan,research,Dark Flower Scarab,Euphoria sepulcralis,Dark Flower Scarab,Insecta,53340
Corey Callaghan,research,Great Southern White,Ascia monuste,Great Southern White,Insecta,51536
Corey Callaghan,research,Hairypod Cowpea,Vigna luteola,Hairypod Cowpea,Plantae,131583
Corey Callaghan,research,Largeflower Pusley,Richardia grandiflora,Largeflower Pusley,Plantae,52078
Corey Callaghan,needs_id,Carpenter-mimic Leafcutter Bee,Megachile xylocopoides,Carpenter-mimic Leafcutter Bee,Insecta,323780
Corey Callaghan,research,Pearl Crescent,Phyciodes tharos,Pearl Crescent,Insecta,52925
Corey Callaghan,needs_id,Florida Small Carpenter,Ceratina floridana,Florida Small Carpenter,Insecta,572770
Corey Callaghan,research,Needham's Skimmer,Libellula needhami,Needham's Skimmer,Insecta,68911
Corey Callaghan,needs_id,Peruvian Primrose-Willow,Ludwigia peruviana,Peruvian primrose-willow,Plantae,50338
Corey Callaghan,needs_id,False Nettle,Boehmeria cylindrica,false nettle,Plantae,75832
Corey Callaghan,research,Slosson's Mason Wasp,Zethus slossonae,Slosson's Mason Wasp,Insecta,429817
Corey Callaghan,research,Poey's Furrow Bee,Halictus poeyi,Poey's Furrow Bee,Insecta,526062
Corey Callaghan,research,Fulvous Hairstreak,Electrostrymon angelia,Fulvous Hairstreak,Insecta,218965
Corey Callaghan,research,Rambur's Forktail,Ischnura ramburii,Rambur's Forktail,Insecta,70191
Corey Callaghan,needs_id,Florida Small Carpenter,Ceratina floridana,Florida Small Carpenter,Insecta,572770
Corey Callaghan,research,water lettuce,Pistia stratiotes,water lettuce,Plantae,78589
Corey Callaghan,needs_id,Southern Carpenter Bee,Xylocopa micans,Southern Carpenter Bee,Insecta,133788
Corey Callaghan,research,pitted stripeseed,Piriqueta cistoides,pitted stripeseed,Plantae,166910
Corey Callaghan,research,Eastern Lubber Grasshopper,Romalea microptera,Eastern Lubber Grasshopper,Insecta,466003
Corey Callaghan,research,Rosy Camphorweed,Pluchea baccharis,Rosy Camphorweed,Plantae,143150
Corey Callaghan,research,Earleaf Greenbrier,Smilax auriculata,Earleaf Greenbrier,Plantae,127910
Corey Callaghan,research,Siam weed,Chromolaena odorata,Siam weed,Plantae,199400
Corey Callaghan,research,Crested Caracara,Caracara plancus,Crested Caracara,Aves,4715
Corey Callaghan,research,Common Eastern Velvet Ant,Dasymutilla occidentalis,Common Eastern Velvet Ant,Insecta,117221
Corey Callaghan,research,Bitter Melon,Momordica charantia,Bitter Melon,Plantae,61369
Corey Callaghan,research,Eastern Carpenter Bee,Xylocopa virginica,Eastern Carpenter Bee,Insecta,51110
Corey Callaghan,research,Largeflower Pusley,Richardia grandiflora,Largeflower Pusley,Plantae,52078
Corey Callaghan,research,Great Southern White,Ascia monuste,Great Southern White,Insecta,51536
Corey Callaghan,research,Larra analis,Larra analis,,Insecta,508206
Corey Callaghan,research,Mexican Primrose-willow,Ludwigia octovalvis,Mexican Primrose-willow,Plantae,164861
Corey Callaghan,research,tropical flatsedge,Cyperus surinamensis,tropical flatsedge,Plantae,161496
Corey Callaghan,research,turkey tangle frogfruit,Phyla nodiflora,turkey tangle frogfruit,Plantae,59040
Corey Callaghan,needs_id,Lax Hornpod,Mitreola petiolata,Lax Hornpod,Plantae,165483
Corey Callaghan,needs_id,Lanceleaf Arrowhead,Sagittaria lancifolia,lanceleaf arrowhead,Plantae,69813
Corey Callaghan,research,Western Honey Bee,Apis mellifera,Western Honey Bee,Insecta,47219
Corey Callaghan,needs_id,Carolina Water-Hyssop,Bacopa caroliniana,Carolina Water-hyssop,Plantae,159130
Corey Callaghan,research,saw greenbrier,Smilax bona-nox,saw greenbrier,Plantae,125677
Corey Callaghan,research,Red-shouldered Hawk,Buteo lineatus,Red-shouldered Hawk,Aves,5206
Corey Callaghan,research,Common Fanpetals,Sida ulmifolia,Common Fanpetals,Plantae,131597
Corey Callaghan,research,Northern Cardinal,Cardinalis cardinalis,Northern Cardinal,Aves,9083
Corey Callaghan,research,Browne's blechum,Ruellia blechum,Browne's blechum,Plantae,781644
Corey Callaghan,needs_id,Pondcypress,Taxodium ascendens,pondcypress,Plantae,169570
Corey Callaghan,research,spatterdock,Nuphar advena,spatterdock,Plantae,82504
Corey Callaghan,research,pineland heliotrope,Euploca polyphylla,pineland heliotrope,Plantae,769874
Corey Callaghan,needs_id,Flaxleaf False Foxglove,Agalinis linifolia,Flaxleaf False Foxglove,Plantae,158060
Corey Callaghan,research,Florida bluehearts,Buchnera floridana,Florida bluehearts,Plantae,287356
Corey Callaghan,research,Sleepy Morning,Waltheria indica,Sleepy Morning,Plantae,130789
Corey Callaghan,needs_id,Shrubby False Buttonweed,Spermacoce verticillata,shrubby false buttonweed,Plantae,169171
Corey Callaghan,needs_id,Megachile albitarsis,Megachile albitarsis,,Insecta,308678
Corey Callaghan,research,Barred Yellow,Eurema daira,Barred Yellow,Insecta,67324
Corey Callaghan,research,Lantana,Lantana strigocamara,Lantana,Plantae,370492
Corey Callaghan,research,Little Blue Heron,Egretta caerulea,Little Blue Heron,Aves,4937
Corey Callaghan,research,Hairypod Cowpea,Vigna luteola,Hairypod Cowpea,Plantae,131583
Corey Callaghan,research,West Indian Bulimulus,Bulimulus guadalupensis,West Indian Bulimulus,Mollusca,215592
Corey Callaghan,research,Possum grape,Cissus verticillata,Possum grape,Plantae,160646
Corey Callaghan,research,spatterdock,Nuphar advena,spatterdock,Plantae,82504
Corey Callaghan,research,Winged Loosestrife,Lythrum alatum,Winged Loosestrife,Plantae,128998
Corey Callaghan,research,Halloween Pennant,Celithemis eponina,Halloween Pennant,Insecta,50147
Corey Callaghan,research,Band-winged Dragonlet,Erythrodiplax umbrata,Band-winged Dragonlet,Insecta,50342
Corey Callaghan,research,painted leaf,Euphorbia cyathophora,painted leaf,Plantae,77109
Corey Callaghan,research,Osprey,Pandion haliaetus,Osprey,Aves,116999
Corey Callaghan,research,Saltmarsh mallow,Kosteletzkya pentacarpos,Saltmarsh mallow,Plantae,131656
Corey Callaghan,research,Western Honey Bee,Apis mellifera,Western Honey Bee,Insecta,47219
Corey Callaghan,research,Four-spotted Pennant,Brachymesia gravida,Four-spotted Pennant,Insecta,68230
Corey Callaghan,research,Eastern Amberwing,Perithemis tenera,Eastern Amberwing,Insecta,59776
Corey Callaghan,research,Western Honey Bee,Apis mellifera,Western Honey Bee,Insecta,47219
Corey Callaghan,research,Brown Basilisk,Basiliscus vittatus,Brown Basilisk,Reptilia,33118
Corey Callaghan,research,whitetop sedge,Rhynchospora colorata,whitetop sedge,Plantae,132685
Corey Callaghan,research,White Peacock,Anartia jatrophae,White Peacock,Insecta,49761
Corey Callaghan,needs_id,morning-glories,Ipomoea,morning-glories,Plantae,52346
Corey Callaghan,needs_id,Saltmarsh Umbrella-Sedge,Fuirena breviseta,Saltmarsh Umbrella-sedge,Plantae,163114
Corey Callaghan,research,Florida Small Carpenter,Ceratina floridana,Florida Small Carpenter,Insecta,572770
Corey Callaghan,research,Northern Mockingbird,Mimus polyglottos,Northern Mockingbird,Aves,14886
Corey Callaghan,research,Blue Dasher,Pachydiplax longipennis,Blue Dasher,Insecta,59774
Corey Callaghan,needs_id,muskgrass,Chara,muskgrass,Plantae,180685
Corey Callaghan,needs_id,African Cichlids,Pelmatolapia mariae,Spotted Tilapia,Actinopterygii,522998
Corey Callaghan,research,Eastern Mosquitofish,Gambusia holbrooki,Eastern Mosquitofish,Actinopterygii,101204
Corey Callaghan,research,Pileated Woodpecker,Dryocopus pileatus,Pileated Woodpecker,Aves,17855
Corey Callaghan,research,pickerelweed,Pontederia cordata,pickerelweed,Plantae,52599
Corey Callaghan,research,Virginia creeper,Parthenocissus quinquefolia,Virginia creeper,Plantae,50278
Corey Callaghan,research,Common Yellowthroat,Geothlypis trichas,Common Yellowthroat,Aves,9721
Corey Callaghan,research,Brown Basilisk,Basiliscus vittatus,Brown Basilisk,Reptilia,33118
Corey Callaghan,research,White Peacock,Anartia jatrophae,White Peacock,Insecta,49761
Corey Callaghan,research,Western Honey Bee,Apis mellifera,Western Honey Bee,Insecta,47219
Corey Callaghan,research,Common Fanpetals,Sida ulmifolia,Common Fanpetals,Plantae,131597
Corey Callaghan,research,Gulf Fritillary,Dione vanillae,Gulf Fritillary,Insecta,49150
Corey Callaghan,research,Fiery Skipper,Hylephila phyleus,Fiery Skipper,Insecta,50340
Corey Callaghan,research,Exoprosopa brevirostris,Exoprosopa brevirostris,,Insecta,294551
Corey Callaghan,research,day jessamine,Cestrum diurnum,day jessamine,Plantae,160362
Corey Callaghan,research,Scarlet Skimmer,Crocothemis servilia,Scarlet Skimmer,Insecta,52055
Corey Callaghan,research,Brown Anole,Anolis sagrei,Brown Anole,Reptilia,116461
Corey Callaghan,research,lanceleaf arrowhead,Sagittaria lancifolia,lanceleaf arrowhead,Plantae,69813
Corey Callaghan,research,Knotted Spikerush,Eleocharis interstincta,Knotted Spikerush,Plantae,162246
Corey Callaghan,research,whitetop sedge,Rhynchospora colorata,whitetop sedge,Plantae,132685
Corey Callaghan,research,Blue Dasher,Pachydiplax longipennis,Blue Dasher,Insecta,59774
Corey Callaghan,research,tropical soda-apple,Solanum viarum,tropical soda-apple,Plantae,169088
Corey Callaghan,research,Monarch,Danaus plexippus,Monarch,Insecta,48662
Corey Callaghan,research,Field Copperleaf,Acalypha arvensis,Field Copperleaf,Plantae,157888
Corey Callaghan,research,Santa Maria feverfew,Parthenium hysterophorus,Santa Maria feverfew,Plantae,126424
Corey Callaghan,research,Northern Mockingbird,Mimus polyglottos,Northern Mockingbird,Aves,14886
Corey Callaghan,research,Feral Pigeon,Columba livia domestica,Feral Pigeon,Aves,122767
Corey Callaghan,research,Anhinga,Anhinga anhinga,Anhinga,Aves,5063
Corey Callaghan,research,Northern Curly-tailed Lizard,Leiocephalus carinatus,Northern Curly-tailed Lizard,Reptilia,39280
Corey Callaghan,research,Barred Yellow,Eurema daira,Barred Yellow,Insecta,67324
Corey Callaghan,research,Western Honey Bee,Apis mellifera,Western Honey Bee,Insecta,47219
Corey Callaghan,research,Mallow Scrub-Hairstreak,Strymon istapa,Mallow Scrub-Hairstreak,Insecta,132553
Corey Callaghan,research,White Peacock,Anartia jatrophae,White Peacock,Insecta,49761
Corey Callaghan,needs_id,Hunter's Little Paper Wasp,Polistes dorsalis,Hunter's Little Paper Wasp,Insecta,55263
Corey Callaghan,research,Brown Anole,Anolis sagrei,Brown Anole,Reptilia,116461
Corey Callaghan,research,resurrection fern,Pleopeltis michauxiana,resurrection fern,Plantae,698726
Corey Callaghan,research,Fish Crow,Corvus ossifragus,Fish Crow,Aves,8001
Corey Callaghan,research,House Sparrow,Passer domesticus,House Sparrow,Aves,13858
Corey Callaghan,research,White Ibis,Eudocimus albus,White Ibis,Aves,3751
Corey Callaghan,research,Mallow Scrub-Hairstreak,Strymon istapa,Mallow Scrub-Hairstreak,Insecta,132553
Corey Callaghan,research,oakleaf fleabane,Erigeron quercifolius,oakleaf fleabane,Plantae,131153
Corey Callaghan,research,Great Egret,Ardea alba,Great Egret,Aves,144455
Corey Callaghan,research,Glossy Ibis,Plegadis falcinellus,Glossy Ibis,Aves,3756
Corey Callaghan,research,Halloween Pennant,Celithemis eponina,Halloween Pennant,Insecta,50147
Corey Callaghan,research,Killdeer,Charadrius vociferus,Killdeer,Aves,4793
Corey Callaghan,research,pickerelweed,Pontederia cordata,pickerelweed,Plantae,52599
Corey Callaghan,research,Satin Rupela,Rupela tinctella,Satin Rupela,Insecta,509720
Corey Callaghan,research,Tricolored Heron,Egretta tricolor,Tricolored Heron,Aves,4938
Corey Callaghan,research,White Ibis,Eudocimus albus,White Ibis,Aves,3751
Corey Callaghan,research,Snowy Egret,Egretta thula,Snowy Egret,Aves,4940
Corey Callaghan,research,Turkey Vulture,Cathartes aura,Turkey Vulture,Aves,4756
Corey Callaghan,research,Glossy Ibis,Plegadis falcinellus,Glossy Ibis,Aves,3756
Corey Callaghan,research,Double-crested Cormorant,Nannopterum auritum,Double-crested Cormorant,Aves,1454382
Corey Callaghan,research,Rambur's Forktail,Ischnura ramburii,Rambur's Forktail,Insecta,70191
Corey Callaghan,needs_id,Manyflower Marshpennywort,Hydrocotyle umbellata,manyflower marshpennywort,Plantae,58792
Corey Callaghan,research,spatterdock,Nuphar advena,spatterdock,Plantae,82504
Corey Callaghan,research,turkey tangle frogfruit,Phyla nodiflora,turkey tangle frogfruit,Plantae,59040
Corey Callaghan,needs_id,Southern Umbrella-Sedge,Fuirena scirpoidea,Southern Umbrella-sedge,Plantae,163118
Corey Callaghan,research,Glassy-winged Toothpick Grasshopper,Stenacris vitreipennis,Glassy-winged Toothpick Grasshopper,Insecta,231508
Corey Callaghan,research,Watermilfoil Leafcutter Moth,Parapoynx allionealis,Watermilfoil Leafcutter Moth,Insecta,227082
Corey Callaghan,research,Fragile Forktail,Ischnura posita,Fragile Forktail,Insecta,103498
Corey Callaghan,research,Western Honey Bee,Apis mellifera,Western Honey Bee,Insecta,47219
Corey Callaghan,research,Eastern Pondhawk,Erythemis simplicicollis,Eastern Pondhawk,Insecta,61495
Corey Callaghan,needs_id,Bahamian Paper Wasp,Polistes bahamensis,Bahamian Paper Wasp,Insecta,361296
Corey Callaghan,research,Eastern Amberwing,Perithemis tenera,Eastern Amberwing,Insecta,59776
Corey Callaghan,research,Largeflower Pusley,Richardia grandiflora,Largeflower Pusley,Plantae,52078
Corey Callaghan,research,shrubby false buttonweed,Spermacoce verticillata,shrubby false buttonweed,Plantae,169171
Corey Callaghan,needs_id,American Sicklepod,Senna obtusifolia,American Sicklepod,Plantae,62915
Corey Callaghan,research,White Checkered-Skipper,Burnsius albezens,White Checkered-Skipper,Insecta,1457202
Corey Callaghan,research,Great Blue Heron,Ardea herodias,Great Blue Heron,Aves,4956
Corey Callaghan,research,painted leaf,Euphorbia cyathophora,painted leaf,Plantae,77109
Corey Callaghan,needs_id,Bluemink,Ageratum houstonianum,bluemink,Plantae,120944
Corey Callaghan,research,Barred Yellow,Eurema daira,Barred Yellow,Insecta,67324
Corey Callaghan,needs_id,Giant Leather Fern,Acrostichum danaeifolium,Giant leather fern,Plantae,130818
Corey Callaghan,research,Blue Dasher,Pachydiplax longipennis,Blue Dasher,Insecta,59774
Corey Callaghan,research,Black Vulture,Coragyps atratus,Black Vulture,Aves,4765
Corey Callaghan,research,Four-spotted Pennant,Brachymesia gravida,Four-spotted Pennant,Insecta,68230
Corey Callaghan,research,Caribbean Banded Carpenter Ant,Camponotus zonatus,Caribbean Banded Carpenter Ant,Insecta,1116485
Corey Callaghan,research,Gray Wall Jumping Spider,Menemerus bivittatus,Gray Wall Jumping Spider,Arachnida,68062
Corey Callaghan,research,Great Egret,Ardea alba,Great Egret,Aves,144455
Corey Callaghan,research,White Peacock,Anartia jatrophae,White Peacock,Insecta,49761
Corey Callaghan,needs_id,Hoary Leafcutter Bee,Megachile pruina,Hoary Leafcutter Bee,Insecta,630866
Corey Callaghan,research,painted leaf,Euphorbia cyathophora,painted leaf,Plantae,77109
Corey Callaghan,research,Blue Dasher,Pachydiplax longipennis,Blue Dasher,Insecta,59774
Corey Callaghan,research,White beggarticks,Bidens alba,White beggarticks,Plantae,1095846
Corey Callaghan,research,Julia Heliconian,Dryas iulia,Julia Heliconian,Insecta,50073
Corey Callaghan,research,White beggarticks,Bidens alba,White beggarticks,Plantae,1095846
Corey Callaghan,research,Tricolored Heron,Egretta tricolor,Tricolored Heron,Aves,4938
Corey Callaghan,research,Four-speckled Hover Fly,Dioprosopa clavata,Four-speckled Hover Fly,Insecta,479803
Corey Callaghan,research,Red-winged Blackbird,Agelaius phoeniceus,Red-winged Blackbird,Aves,9744
Corey Callaghan,research,Glossy Ibis,Plegadis falcinellus,Glossy Ibis,Aves,3756
Corey Callaghan,research,Julia Heliconian,Dryas iulia,Julia Heliconian,Insecta,50073
Corey Callaghan,needs_id,Fragrant Flatsedge,Cyperus odoratus,Fragrant flatsedge,Plantae,63329
Corey Callaghan,research,Coffee-loving Pyrausta Moth,Pyrausta tyralis,Coffee-loving Pyrausta Moth,Insecta,81752
Corey Callaghan,research,Rambur's Forktail,Ischnura ramburii,Rambur's Forktail,Insecta,70191
Corey Callaghan,research,White beggarticks,Bidens alba,White beggarticks,Plantae,1095846
Corey Callaghan,research,Red-Washed Ufa,Ufa rubedinella,Red-Washed Ufa,Insecta,461905
Corey Callaghan,research,Four-spotted Pennant,Brachymesia gravida,Four-spotted Pennant,Insecta,68230
Corey Callaghan,research,Anhinga,Anhinga anhinga,Anhinga,Aves,5063
Corey Callaghan,research,Halloween Pennant,Celithemis eponina,Halloween Pennant,Insecta,50147
Corey Callaghan,research,Turkey Vulture,Cathartes aura,Turkey Vulture,Aves,4756
Corey Callaghan,research,American Alligator,Alligator mississippiensis,American Alligator,Reptilia,26159
Corey Callaghan,needs_id,Giant Leather Fern,Acrostichum danaeifolium,Giant leather fern,Plantae,130818
Corey Callaghan,research,whitetop sedge,Rhynchospora colorata,whitetop sedge,Plantae,132685
Corey Callaghan,research,Rosy Camphorweed,Pluchea baccharis,Rosy Camphorweed,Plantae,143150
Corey Callaghan,research,Beach Sheoak,Casuarina equisetifolia,Beach Sheoak,Plantae,62888
Corey Callaghan,research,Florida Green Watersnake,Nerodia floridana,Florida Green Watersnake,Reptilia,29315
Corey Callaghan,research,red maple,Acer rubrum,red maple,Plantae,48098
Corey Callaghan,research,Black Vulture,Coragyps atratus,Black Vulture,Aves,4765
Corey Callaghan,research,Banded Watersnake,Nerodia fasciata,Banded Watersnake,Reptilia,29317
Corey Callaghan,research,White beggarticks,Bidens alba,White beggarticks,Plantae,1095846
Corey Callaghan,research,Green Heron,Butorides virescens,Green Heron,Aves,5020
Corey Callaghan,research,Gray-headed Swamphen,Porphyrio poliocephalus,Gray-headed Swamphen,Aves,474332
Corey Callaghan,research,Banded Watersnake,Nerodia fasciata,Banded Watersnake,Reptilia,29317
Corey Callaghan,research,Florida Green Watersnake,Nerodia floridana,Florida Green Watersnake,Reptilia,29315
Corey Callaghan,research,Banded Watersnake,Nerodia fasciata,Banded Watersnake,Reptilia,29317
Corey Callaghan,research,Common Garter Snake,Thamnophis sirtalis,Common Garter Snake,Reptilia,28362
Corey Callaghan,research,Brown Watersnake,Nerodia taxispilota,Brown Watersnake,Reptilia,29304
Corey Callaghan,research,Florida Green Watersnake,Nerodia floridana,Florida Green Watersnake,Reptilia,29315
Corey Callaghan,research,Common Ribbon Snake,Thamnophis saurita,Common Ribbon Snake,Reptilia,558951
Corey Callaghan,research,Brown Watersnake,Nerodia taxispilota,Brown Watersnake,Reptilia,29304
Corey Callaghan,research,Virginia Opossum,Didelphis virginiana,Virginia Opossum,Mammalia,42652
Corey Callaghan,research,Brown Watersnake,Nerodia taxispilota,Brown Watersnake,Reptilia,29304
Corey Callaghan,research,Southern Leopard Frog,Lithobates sphenocephalus,Southern Leopard Frog,Amphibia,60341
Corey Callaghan,research,Banded Watersnake,Nerodia fasciata,Banded Watersnake,Reptilia,29317
Corey Callaghan,research,Banded Watersnake,Nerodia fasciata,Banded Watersnake,Reptilia,29317
Corey Callaghan,research,Eastern Glass Lizard,Ophisaurus ventralis,Eastern Glass Lizard,Reptilia,31981
Corey Callaghan,research,White beggarticks,Bidens alba,White beggarticks,Plantae,1095846
Corey Callaghan,research,Florida Watersnake,Nerodia fasciata pictiventris,Florida Watersnake,Reptilia,29320
Corey Callaghan,research,White Ibis,Eudocimus albus,White Ibis,Aves,3751
Corey Callaghan,needs_id,Agostenus,Agostenus,,Insecta,972806
Corey Callaghan,needs_id,Sweet Potato Armyworm Moth,Spodoptera dolichos,Sweet Potato Armyworm Moth,Insecta,231423
Corey Callaghan,needs_id,Stenopoda spinulosa,Stenopoda spinulosa,,Insecta,465523
Corey Callaghan,research,Pickerelweed Borer Moth,Bellura densa,Pickerelweed Borer Moth,Insecta,214965
Corey Callaghan,research,Giant Leopard Moth,Hypercompe scribonia,Giant Leopard Moth,Insecta,63028
Corey Callaghan,research,Spanish Moth,Xanthopastis regnatrix,Spanish Moth,Insecta,322588
Corey Callaghan,needs_id,Satin Rupela,Rupela tinctella,Satin Rupela,Insecta,509720
Corey Callaghan,research,Southern Flannel Moth,Megalopyge opercularis,Southern Flannel Moth,Insecta,84185
Corey Callaghan,needs_id,Oxydia vesulia,Oxydia vesulia,,Insecta,478783
Corey Callaghan,research,Io Moth,Automeris io,Io Moth,Insecta,82279
Corey Callaghan,needs_id,Galerita bicolor,Galerita bicolor,,Insecta,130359
Corey Callaghan,needs_id,Cobbler Moth,Condica sutor,Cobbler Moth,Insecta,217495
Corey Callaghan,needs_id,Stenocrepis,Stenocrepis,,Insecta,211409
Corey Callaghan,research,Carpenterworm Moth,Prionoxystus robiniae,Carpenterworm Moth,Insecta,126293
Corey Callaghan,research,Isabella Tiger Moth,Pyrrharctia isabella,Isabella Tiger Moth,Insecta,59675
Corey Callaghan,research,Ceraunus Blue,Hemiargus ceraunus,Ceraunus Blue,Insecta,69940
Corey Callaghan,research,Obtuse Yellow,Azenia obtusa,Obtuse Yellow,Insecta,202013
Corey Callaghan,research,Uhler's Giant Water Bug,Lethocerus uhleri,Uhler's Giant Water Bug,Insecta,205814
Corey Callaghan,research,Long-streaked Tussock Moth,Leucanopsis longa,Long-streaked Tussock Moth,Insecta,505582
Corey Callaghan,needs_id,Satin Rupela,Rupela tinctella,Satin Rupela,Insecta,509720
Corey Callaghan,needs_id,Carpenterworm Moth,Prionoxystus robiniae,Carpenterworm Moth,Insecta,126293
Corey Callaghan,needs_id,Ferguson's Epidromia Moth,Epidromia rotundata,Ferguson's Epidromia Moth,Insecta,327637
Corey Callaghan,research,Hydrophilus ovatus,Hydrophilus ovatus,,Insecta,221648
Corey Callaghan,research,Two-lined Spittlebug,Prosapia bicincta,Two-lined Spittlebug,Insecta,126291
Corey Callaghan,needs_id,Larinia directa,Larinia directa,,Arachnida,263631
Corey Callaghan,needs_id,Salvinia Stem Borer Moth,Samea multiplicalis,Salvinia Stem Borer Moth,Insecta,324645
Corey Callaghan,needs_id,Ground Beetles,Carabidae,Ground Beetles,Insecta,49567
Corey Callaghan,needs_id,Chalcedony Midget,Elaphria chalcedonia,Chalcedony Midget,Insecta,218925
Corey Callaghan,research,Black-dotted Spragueia Moth,Spragueia onagrus,Black-dotted Spragueia Moth,Insecta,474278
Corey Callaghan,research,Orphulella punctata,Orphulella punctata,,Insecta,293393
Corey Callaghan,needs_id,Fasciolated Graphic,Melipotis fasciolaris,Fasciolated Graphic,Insecta,244524
Corey Callaghan,needs_id,Orange Virbia Moth,Virbia aurantiaca,Orange Virbia Moth,Insecta,196525
Corey Callaghan,needs_id,White-tailed Diver Moth,Bellura gortynoides,White-tailed Diver Moth,Insecta,214966
Corey Callaghan,research,Red-lined Carrion Beetle,Necrodes surinamensis,Red-lined Carrion Beetle,Insecta,177446
Corey Callaghan,needs_id,Obtuse Yellow,Azenia obtusa,Obtuse Yellow,Insecta,202013
Corey Callaghan,needs_id,Black-spotted Schrankia,Hypenopsis macula,Black-spotted Schrankia,Insecta,1508499
Corey Callaghan,research,Camponotus inaequalis,Camponotus inaequalis,,Insecta,1027829
Corey Callaghan,needs_id,Deltocephalinae,Deltocephalinae,,Insecta,133495
Corey Callaghan,needs_id,Carpenterworm Moth,Prionoxystus robiniae,Carpenterworm Moth,Insecta,126293
Corey Callaghan,research,Common Ribbon Snake,Thamnophis saurita,Common Ribbon Snake,Reptilia,558951
Corey Callaghan,needs_id,Faint-spotted Palthis Moth,Palthis asopialis,Faint-spotted Palthis Moth,Insecta,52902
Corey Callaghan,needs_id,Waterlily Borer Moth,Elophila gyralis,Waterlily Borer Moth,Insecta,332646
Corey Callaghan,research,Southern Flannel Moth,Megalopyge opercularis,Southern Flannel Moth,Insecta,84185
Corey Callaghan,needs_id,Dagbertus olivaceus,Dagbertus olivaceus,,Insecta,510983
Corey Callaghan,needs_id,Omnivorous Platynota Moth,Platynota rostrana,Omnivorous Platynota Moth,Insecta,361829
Corey Callaghan,research,Streaked Sphinx,Protambulyx strigilis,Streaked Sphinx,Insecta,130064
Corey Callaghan,needs_id,Lunate Zale Moth,Zale lunata,Lunate Zale Moth,Insecta,84602
Corey Callaghan,needs_id,Smoky Tetanolita Moth,Tetanolita mynesalis,Smoky Tetanolita Moth,Insecta,154333
Corey Callaghan,research,Cottonwood Leaf Beetle,Chrysomela scripta,Cottonwood Leaf Beetle,Insecta,69192
Corey Callaghan,research,S-banded Tiger Beetle,Cicindela trifasciata,S-banded Tiger Beetle,Insecta,128007
Corey Callaghan,research,Florida Fern Moth,Callopistria floridensis,Florida Fern Moth,Insecta,143649
Corey Callaghan,needs_id,Rasahus hamatus,Rasahus hamatus,,Insecta,308325
Corey Callaghan,research,Pickerelweed Borer Moth,Bellura densa,Pickerelweed Borer Moth,Insecta,214965
Corey Callaghan,research,Polyphemus Moth,Antheraea polyphemus,Polyphemus Moth,Insecta,47919
Corey Callaghan,needs_id,Six-toothed Aethes,Aethes sexdentata,Six-toothed Aethes,Insecta,361325
Corey Callaghan,needs_id,Smeared Dagger,Acronicta oblinita,Smeared Dagger,Insecta,129428
Corey Callaghan,needs_id,Florida Tetanolita Moth,Tetanolita floridana,Florida Tetanolita Moth,Insecta,232390
Corey Callaghan,needs_id,Pickerelweed Borer Moth,Bellura densa,Pickerelweed Borer Moth,Insecta,214965
Corey Callaghan,needs_id,Gryllus,Gryllus,,Insecta,71251
Corey Callaghan,needs_id,Crocidocnemis pellucidalis,Crocidocnemis pellucidalis,,Insecta,491675
Corey Callaghan,needs_id,Pale Palpidia,Palpidia pallidior,Pale Palpidia,Insecta,475265
Corey Callaghan,needs_id,White-tailed Diver Moth,Bellura gortynoides,White-tailed Diver Moth,Insecta,214966
Corey Callaghan,needs_id,Chalcedony Midget,Elaphria chalcedonia,Chalcedony Midget,Insecta,218925
Corey Callaghan,needs_id,Ancylis diminuatana,Ancylis diminuatana,,Insecta,633628
Corey Callaghan,research,Sugarcane Midget,Elaphria nucicolora,Sugarcane Midget,Insecta,417184
Corey Callaghan,needs_id,Elegant Grass-Veneer,Microcrambus elegans,Elegant Grass-veneer,Insecta,52904
Corey Callaghan,research,Spotted Cucumber Beetle,Diabrotica undecimpunctata,Spotted Cucumber Beetle,Insecta,55487
Corey Callaghan,research,Tersa Sphinx,Xylophanes tersa,Tersa Sphinx,Insecta,69737
Corey Callaghan,research,Obtuse Yellow,Azenia obtusa,Obtuse Yellow,Insecta,202013
Corey Callaghan,research,Rambur's Forktail,Ischnura ramburii,Rambur's Forktail,Insecta,70191
Corey Callaghan,research,Io Moth,Automeris io,Io Moth,Insecta,82279
Corey Callaghan,needs_id,Falconina gracilis,Falconina gracilis,,Arachnida,70363
Corey Callaghan,research,Burrowing Owl,Athene cunicularia,Burrowing Owl,Aves,19975
Corey Callaghan,research,Green Iguana,Iguana iguana,Green Iguana,Reptilia,35342
Corey Callaghan,research,Horace's Duskywing,Erynnis horatius,Horace's Duskywing,Insecta,50071
Corey Callaghan,research,Domestic Muscovy Duck,Cairina moschata domestica,Domestic Muscovy Duck,Aves,204094
Corey Callaghan,research,Dainty Sulphur,Nathalis iole,Dainty Sulphur,Insecta,51773
Corey Callaghan,research,Northern Curly-tailed Lizard,Leiocephalus carinatus,Northern Curly-tailed Lizard,Reptilia,39280
Corey Callaghan,research,White beggarticks,Bidens alba,White beggarticks,Plantae,1095846
Corey Callaghan,research,creeping beggarweed,Desmodium incanum,creeping beggarweed,Plantae,116694
Corey Callaghan,research,manyflower marshpennywort,Hydrocotyle umbellata,manyflower marshpennywort,Plantae,58792
Corey Callaghan,research,Stiffhair Waxweed,Cuphea strigulosa,Stiffhair Waxweed,Plantae,564188
Corey Callaghan,research,Largeflower Pusley,Richardia grandiflora,Largeflower Pusley,Plantae,52078
Corey Callaghan,research,Spanish moss,Tillandsia usneoides,Spanish moss,Plantae,49569
Corey Callaghan,research,Western Honey Bee,Apis mellifera,Western Honey Bee,Insecta,47219
Corey Callaghan,research,Eurasian Collared-Dove,Streptopelia decaocto,Eurasian Collared-Dove,Aves,2969
Corey Callaghan,research,Burrowing Owl,Athene cunicularia,Burrowing Owl,Aves,19975
Corey Callaghan,research,Mottled Duck,Anas fulvigula,Mottled Duck,Aves,6948
Corey Callaghan,research,herbwilliam,Ptilimnium capillaceum,herbwilliam,Plantae,128655
Corey Callaghan,research,Virginia pepperweed,Lepidium virginicum,Virginia pepperweed,Plantae,77676
Corey Callaghan,research,Egyptian Goose,Alopochen aegyptiaca,Egyptian Goose,Aves,72486
Corey Callaghan,research,Limpkin,Aramus guarauna,Limpkin,Aves,7
Corey Callaghan,research,White Peacock,Anartia jatrophae,White Peacock,Insecta,49761
Corey Callaghan,research,shaggy portulaca,Portulaca pilosa,shaggy portulaca,Plantae,133294
Corey Callaghan,research,European Starling,Sturnus vulgaris,European Starling,Aves,14850
Corey Callaghan,research,White-winged Dove,Zenaida asiatica,White-winged Dove,Aves,3460
Corey Callaghan,research,Largeflower Pusley,Richardia grandiflora,Largeflower Pusley,Plantae,52078
Corey Callaghan,research,turkey tangle frogfruit,Phyla nodiflora,turkey tangle frogfruit,Plantae,59040
Corey Callaghan,research,Horace's Duskywing,Erynnis horatius,Horace's Duskywing,Insecta,50071
Corey Callaghan,research,Eastern Amberwing,Perithemis tenera,Eastern Amberwing,Insecta,59776
Corey Callaghan,research,Red-bellied Woodpecker,Melanerpes carolinus,Red-bellied Woodpecker,Aves,18205
Corey Callaghan,research,Four-spotted Pennant,Brachymesia gravida,Four-spotted Pennant,Insecta,68230
Corey Callaghan,research,Ceraunus Blue,Hemiargus ceraunus,Ceraunus Blue,Insecta,69940
Corey Callaghan,research,White beggarticks,Bidens alba,White beggarticks,Plantae,1095846
Corey Callaghan,research,Cooper's Hawk,Astur cooperii,Cooper's Hawk,Aves,1579017
Corey Callaghan,research,Oriental false hawksbeard,Youngia japonica,Oriental false hawksbeard,Plantae,127066
Corey Callaghan,research,Ashmead's Acrobat Ant,Crematogaster ashmeadi,Ashmead's Acrobat Ant,Insecta,450689
Corey Callaghan,research,Gray Wall Jumping Spider,Menemerus bivittatus,Gray Wall Jumping Spider,Arachnida,68062
Corey Callaghan,research,Blue Jay,Cyanocitta cristata,Blue Jay,Aves,8229
Corey Callaghan,research,Northern Mockingbird,Mimus polyglottos,Northern Mockingbird,Aves,14886
Corey Callaghan,research,Green Heron,Butorides virescens,Green Heron,Aves,5020
Corey Callaghan,research,White Ibis,Eudocimus albus,White Ibis,Aves,3751
Corey Callaghan,needs_id,Bunchy Flat-Sedge,Cyperus polystachyos,Bunchy flat-sedge,Plantae,161476
Corey Callaghan,research,Chimney Swift,Chaetura pelagica,Chimney Swift,Aves,6571
Corey Callaghan,research,Mourning Dove,Zenaida macroura,Mourning Dove,Aves,3454
Corey Callaghan,needs_id,Persistent Waxcap,Hygrocybe acutoconica,Persistent Waxcap,Fungi,367288
Corey Callaghan,research,Neodiplocampta miranda,Neodiplocampta miranda,,Insecta,473188
Corey Callaghan,research,Purple Martin,Progne subis,Purple Martin,Aves,11867
Corey Callaghan,needs_id,Hoplisoides,Hoplisoides,,Insecta,250781
Corey Callaghan,research,Cuban Bird Grasshopper,Schistocerca serialis cubense,Cuban Bird Grasshopper,Insecta,555647
Corey Callaghan,research,Fiery Skipper,Hylephila phyleus,Fiery Skipper,Insecta,50340
Corey Callaghan,research,Scarlet Skimmer,Crocothemis servilia,Scarlet Skimmer,Insecta,52055
Corey Callaghan,research,painted leaf,Euphorbia cyathophora,painted leaf,Plantae,77109
Corey Callaghan,needs_id,Erinnyis,Erinnyis,,Insecta,143588
Corey Callaghan,research,Cuban Bird Grasshopper,Schistocerca serialis cubense,Cuban Bird Grasshopper,Insecta,555647
Corey Callaghan,research,Bitter Melon,Momordica charantia,Bitter Melon,Plantae,61369
Corey Callaghan,research,Proctacanthus fulviventris,Proctacanthus fulviventris,,Insecta,61637
Corey Callaghan,research,Downy Woodpecker,Dryobates pubescens,Downy Woodpecker,Aves,792988
Corey Callaghan,research,rosary pea,Abrus precatorius,rosary pea,Plantae,122099
Corey Callaghan,research,golden polypody,Phlebodium aureum,golden polypody,Plantae,127908
Corey Callaghan,research,Cocoplum,Chrysobalanus icaco,Cocoplum,Plantae,160544
Corey Callaghan,research,Western Honey Bee,Apis mellifera,Western Honey Bee,Insecta,47219
Corey Callaghan,research,Ruddy Daggerwing,Marpesia petreus,Ruddy Daggerwing,Insecta,50283
Corey Callaghan,research,Northern Cardinal,Cardinalis cardinalis,Northern Cardinal,Aves,9083
Corey Callaghan,research,Virginia creeper,Parthenocissus quinquefolia,Virginia creeper,Plantae,50278
Corey Callaghan,research,Golden Silk Spider,Trichonephila clavipes,Golden Silk Spider,Arachnida,904336
Corey Callaghan,research,Band-winged Dragonlet,Erythrodiplax umbrata,Band-winged Dragonlet,Insecta,50342
Corey Callaghan,needs_id,Florida Pusley,Richardia scabra,Florida Pusley,Plantae,133311
Corey Callaghan,research,North American Racer,Coluber constrictor,North American Racer,Reptilia,27137
Corey Callaghan,research,Noble Scoliid Wasp,Scolia nobilitata,Noble Scoliid Wasp,Insecta,265651
Corey Callaghan,research,American black nightshade,Solanum americanum,American black nightshade,Plantae,59035
Corey Callaghan,research,Madagascar Periwinkle,Catharanthus roseus,Madagascar Periwinkle,Plantae,62924
Corey Callaghan,research,Eurasian Collared-Dove,Streptopelia decaocto,Eurasian Collared-Dove,Aves,2969
Corey Callaghan,research,Common Raccoon,Procyon lotor,Common Raccoon,Mammalia,41663
Corey Callaghan,research,Caribbean scoliid wasp,Dielis dorsata,Caribbean scoliid wasp,Insecta,893820
Corey Callaghan,research,Vermilion Saddlebags,Tramea abdominalis,Vermilion Saddlebags,Insecta,114308
Corey Callaghan,research,pickerelweed,Pontederia cordata,pickerelweed,Plantae,52599
Corey Callaghan,research,Hyacinth Glider,Miathyria marcella,Hyacinth Glider,Insecta,105699
Corey Callaghan,research,Green Anole,Anolis carolinensis,Green Anole,Reptilia,36514
Corey Callaghan,research,Knight Anole,Anolis equestris,Knight Anole,Reptilia,36391
Corey Callaghan,research,cardinal airplant,Tillandsia fasciculata,cardinal airplant,Plantae,68593
Corey Callaghan,research,Spanish moss,Tillandsia usneoides,Spanish moss,Plantae,49569
Corey Callaghan,research,Caesar weed,Urena lobata,Caesar weed,Plantae,127638
Corey Callaghan,research,Virginia creeper,Parthenocissus quinquefolia,Virginia creeper,Plantae,50278
Corey Callaghan,research,Band-winged Dragonlet,Erythrodiplax umbrata,Band-winged Dragonlet,Insecta,50342
Corey Callaghan,research,White beggarticks,Bidens alba,White beggarticks,Plantae,1095846
Corey Callaghan,research,Balbis' airplant,Tillandsia balbisiana,Balbis' airplant,Plantae,169763
Corey Callaghan,research,Western Honey Bee,Apis mellifera,Western Honey Bee,Insecta,47219
Corey Callaghan,research,Leucauge argyra,Leucauge argyra,,Arachnida,53768
Corey Callaghan,research,Eastern Pondhawk,Erythemis simplicicollis,Eastern Pondhawk,Insecta,61495
Corey Callaghan,research,Cloudless Sulphur,Phoebis sennae,Cloudless Sulphur,Insecta,48550
Corey Callaghan,research,swamp smartweed,Persicaria hydropiperoides,swamp smartweed,Plantae,78453
Corey Callaghan,research,Pin-tailed Pondhawk,Erythemis plebeja,Pin-tailed Pondhawk,Insecta,53867
Corey Callaghan,research,Great Pondhawk,Erythemis vesiculosa,Great Pondhawk,Insecta,55260
Corey Callaghan,research,Six-spotted Fishing Spider,Dolomedes triton,Six-spotted Fishing Spider,Arachnida,121437
Corey Callaghan,needs_id,Plants,Plantae,plants,Plantae,47126
Corey Callaghan,research,Slaty Skimmer,Libellula incesta,Slaty Skimmer,Insecta,104580
Corey Callaghan,research,Brown Basilisk,Basiliscus vittatus,Brown Basilisk,Reptilia,33118
Corey Callaghan,research,Zebra Longwing,Heliconius charithonia,Zebra Longwing,Insecta,49766
Corey Callaghan,research,Atala,Eumaeus atala,Atala,Insecta,50075
Corey Callaghan,research,Western Honey Bee,Apis mellifera,Western Honey Bee,Insecta,47219
Corey Callaghan,research,Brown Anole,Anolis sagrei,Brown Anole,Reptilia,116461
Corey Callaghan,research,Marsh Rabbit,Sylvilagus palustris,Marsh Rabbit,Mammalia,43102
Corey Callaghan,research,Northern Plushback,Palpada vinetorum,Northern Plushback,Insecta,55264
Corey Callaghan,research,Polka-Dot Wasp Moth,Syntomeida epilais,Polka-Dot Wasp Moth,Insecta,120875
Corey Callaghan,research,Osprey,Pandion haliaetus,Osprey,Aves,116999
Corey Callaghan,research,Four-spotted Pennant,Brachymesia gravida,Four-spotted Pennant,Insecta,68230
Corey Callaghan,research,Eastern Pondhawk,Erythemis simplicicollis,Eastern Pondhawk,Insecta,61495
Corey Callaghan,research,Western Honey Bee,Apis mellifera,Western Honey Bee,Insecta,47219
Corey Callaghan,research,Anhinga,Anhinga anhinga,Anhinga,Aves,5063
Corey Callaghan,research,Great Southern White,Ascia monuste,Great Southern White,Insecta,51536
Corey Callaghan,research,narrowfruit horned beaksedge,Rhynchospora inundata,narrowfruit horned beaksedge,Plantae,167877
Corey Callaghan,research,Halloween Pennant,Celithemis eponina,Halloween Pennant,Insecta,50147
Corey Callaghan,research,Peninsular Cooter,Pseudemys peninsularis,Peninsular Cooter,Reptilia,39825
Corey Callaghan,research,Phaon Crescent,Phyciodes phaon,Phaon Crescent,Insecta,68274
Corey Callaghan,research,whitetop sedge,Rhynchospora colorata,whitetop sedge,Plantae,132685
Corey Callaghan,research,Eastern Amberwing,Perithemis tenera,Eastern Amberwing,Insecta,59776
Corey Callaghan,research,Gulf Fritillary,Dione vanillae,Gulf Fritillary,Insecta,49150
Corey Callaghan,research,Phaon Crescent,Phyciodes phaon,Phaon Crescent,Insecta,68274
Corey Callaghan,research,Four-spotted Pennant,Brachymesia gravida,Four-spotted Pennant,Insecta,68230
Corey Callaghan,research,White-winged Dove,Zenaida asiatica,White-winged Dove,Aves,3460
Corey Callaghan,research,Northern Mockingbird,Mimus polyglottos,Northern Mockingbird,Aves,14886
Corey Callaghan,research,Wood Stork,Mycteria americana,Wood Stork,Aves,4742
Corey Callaghan,research,Loggerhead Shrike,Lanius ludovicianus,Loggerhead Shrike,Aves,12024
Corey Callaghan,research,Common Raccoon,Procyon lotor,Common Raccoon,Mammalia,41663
Corey Callaghan,research,White Ibis,Eudocimus albus,White Ibis,Aves,3751
Corey Callaghan,research,Hispid Cotton Rat,Sigmodon hispidus,Hispid Cotton Rat,Mammalia,44902
Corey Callaghan,research,Halloween Pennant,Celithemis eponina,Halloween Pennant,Insecta,50147
Corey Callaghan,research,Great Blue Heron,Ardea herodias,Great Blue Heron,Aves,4956
Corey Callaghan,research,Fiery Skipper,Hylephila phyleus,Fiery Skipper,Insecta,50340
Corey Callaghan,needs_id,Caribbean Scoliid Wasp,Dielis dorsata,Caribbean scoliid wasp,Insecta,893820
Corey Callaghan,research,Eastern Gray Squirrel,Sciurus carolinensis,Eastern Gray Squirrel,Mammalia,46017
Corey Callaghan,research,Zebra Longwing,Heliconius charithonia,Zebra Longwing,Insecta,49766
Corey Callaghan,research,Soldier,Danaus eresimus,Soldier,Insecta,50065
Corey Callaghan,research,Julia Heliconian,Dryas iulia,Julia Heliconian,Insecta,50073
Corey Callaghan,research,Mourning Dove,Zenaida macroura,Mourning Dove,Aves,3454
Corey Callaghan,research,Black-bellied Whistling-Duck,Dendrocygna autumnalis,Black-bellied Whistling-Duck,Aves,6893
Corey Callaghan,research,Rambur's Forktail,Ischnura ramburii,Rambur's Forktail,Insecta,70191
Corey Callaghan,research,turkey tangle frogfruit,Phyla nodiflora,turkey tangle frogfruit,Plantae,59040
Corey Callaghan,research,Coffee-loving Pyrausta Moth,Pyrausta tyralis,Coffee-loving Pyrausta Moth,Insecta,81752
Corey Callaghan,research,Rosy Camphorweed,Pluchea baccharis,Rosy Camphorweed,Plantae,143150
Corey Callaghan,research,Stained-glass Moth,Samea castellalis,Stained-glass Moth,Insecta,330498
Corey Callaghan,research,Roseate Spoonbill,Platalea ajaja,Roseate Spoonbill,Aves,62529
Corey Callaghan,research,Red-winged Blackbird,Agelaius phoeniceus,Red-winged Blackbird,Aves,9744
Corey Callaghan,research,Limpkin,Aramus guarauna,Limpkin,Aves,7
Corey Callaghan,research,Great Egret,Ardea alba,Great Egret,Aves,144455
Corey Callaghan,research,Wood Stork,Mycteria americana,Wood Stork,Aves,4742
Corey Callaghan,needs_id,Sugarcane Plumegrass,Erianthus giganteus,sugarcane plumegrass,Plantae,1503466
Corey Callaghan,research,Great Egret,Ardea alba,Great Egret,Aves,144455
Corey Callaghan,research,Polymorphic Pondweed Moth,Parapoynx maculalis,Polymorphic Pondweed Moth,Insecta,227085
Corey Callaghan,research,Coffee-loving Pyrausta Moth,Pyrausta tyralis,Coffee-loving Pyrausta Moth,Insecta,81752
Corey Callaghan,research,Acrolophus walsinghami,Acrolophus walsinghami,,Insecta,702390
Corey Callaghan,needs_id,Crambid Snout Moths,Crambidae,Crambid Snout Moths,Insecta,52002
Corey Callaghan,needs_id,Neopamera bilobata,Neopamera bilobata,,Insecta,153414
Corey Callaghan,needs_id,Garden Tortrix,Clepsis peritana,Garden Tortrix,Insecta,132789
Corey Callaghan,needs_id,Broken-backed Bug,Taylorilygus apicalis,Broken-backed Bug,Insecta,148094
Corey Callaghan,research,Teaweed Moth,Stegasta capitella,Teaweed Moth,Insecta,513311
Corey Callaghan,needs_id,Pelonomus obscurus,Pelonomus obscurus,,Insecta,543480
Corey Callaghan,research,Polymorphic Pondweed Moth,Parapoynx maculalis,Polymorphic Pondweed Moth,Insecta,227085
Corey Callaghan,research,Orange Virbia Moth,Virbia aurantiaca,Orange Virbia Moth,Insecta,196525
Corey Callaghan,needs_id,Crocidocnemis pellucidalis,Crocidocnemis pellucidalis,,Insecta,491675
Corey Callaghan,needs_id,Macropsis,Macropsis,,Insecta,177196
Corey Callaghan,needs_id,Ichneumonid and Braconid Wasps,Ichneumonoidea,Ichneumonid and Braconid Wasps,Insecta,47200
Corey Callaghan,needs_id,Soybean Webworm Moth,Mesophleps adustipennis,Soybean Webworm Moth,Insecta,330333
Corey Callaghan,needs_id,Rosy Atascosa Moth,Atascosa glareosella,Rosy Atascosa Moth,Insecta,366923
Corey Callaghan,research,Brazilian Leafhopper,Protalebrella brasiliensis,Brazilian Leafhopper,Insecta,330051
Corey Callaghan,needs_id,Philonthus monaeses,Philonthus monaeses,,Insecta,458342
Corey Callaghan,needs_id,White-tailed Diver Moth,Bellura gortynoides,White-tailed Diver Moth,Insecta,214966
Corey Callaghan,needs_id,Crocidocnemis pellucidalis,Crocidocnemis pellucidalis,,Insecta,491675
Corey Callaghan,needs_id,Chironomus Group,Chironomus group,Chironomus Group,Insecta,1559249
Corey Callaghan,needs_id,Planicephalus,Planicephalus,,Insecta,363288
Corey Callaghan,needs_id,Red-spotted Aster Mirid,Polymerus basalis,Red-spotted Aster Mirid,Insecta,474675
Corey Callaghan,needs_id,Sumac Leaftier Moth,Episimus argutana,Sumac Leaftier Moth,Insecta,357353
Corey Callaghan,research,Southern Emerald,Synchlora frondaria,Southern Emerald,Insecta,207924
Corey Callaghan,research,Crocidocnemis pellucidalis,Crocidocnemis pellucidalis,,Insecta,491675
Corey Callaghan,needs_id,Elaphria agrotina,Elaphria agrotina,,Insecta,417183
Corey Callaghan,needs_id,Hapsiferinae,Hapsiferinae,,Insecta,244643
Corey Callaghan,research,Heppner's Grass Tubeworm Moth,Acrolophus heppneri,Heppner's Grass Tubeworm Moth,Insecta,474497
Corey Callaghan,needs_id,Shore Earwig,Labidura riparia,Shore Earwig,Insecta,307026
Corey Callaghan,research,Spanish Moth,Xanthopastis regnatrix,Spanish Moth,Insecta,322588
Corey Callaghan,needs_id,Pareuidella,Pareuidella,,Insecta,542993
Corey Callaghan,needs_id,Yellow-Banded Leptosteges,Leptosteges flavicostella,Yellow-Banded Leptosteges,Insecta,491810
Corey Callaghan,needs_id,Delightful Donacaula Moth,Donacaula melinellus,Delightful Donacaula Moth,Insecta,321473
Corey Callaghan,needs_id,Wainscot Grass-Veneer,Eoreuma densellus,Wainscot Grass-veneer,Insecta,700601
Corey Callaghan,needs_id,Red-Washed Ufa,Ufa rubedinella,Red-Washed Ufa,Insecta,461905
Corey Callaghan,needs_id,Oecetis,Oecetis,,Insecta,176596
Corey Callaghan,needs_id,Orange Virbia Moth,Virbia aurantiaca,Orange Virbia Moth,Insecta,196525
Corey Callaghan,research,Ernestine's Moth,Phytometra ernestinana,Ernestine's Moth,Insecta,228110
Corey Callaghan,research,Satin Rupela,Rupela tinctella,Satin Rupela,Insecta,509720
Corey Callaghan,research,Syneches simplex,Syneches simplex,,Insecta,475482
Corey Callaghan,research,Diamondback Moth,Plutella xylostella,Diamondback Moth,Insecta,126765
Corey Callaghan,research,Triplex Cutworm Moth,Micrathetis triplex,Triplex Cutworm Moth,Insecta,333552
Corey Callaghan,research,Spanish Moth,Xanthopastis regnatrix,Spanish Moth,Insecta,322588
Corey Callaghan,needs_id,Waterlily Borer Moth,Elophila gyralis,Waterlily Borer Moth,Insecta,332646
Corey Callaghan,needs_id,Elaphria agrotina,Elaphria agrotina,,Insecta,417183
Corey Callaghan,needs_id,Chrysops flavidus,Chrysops flavidus,,Insecta,216865
Corey Callaghan,needs_id,Enochrus,Enochrus,,Insecta,173601
Corey Callaghan,needs_id,Diplotaxis,Diplotaxis,,Insecta,59476
Corey Callaghan,needs_id,Crocidocnemis pellucidalis,Crocidocnemis pellucidalis,,Insecta,491675
Corey Callaghan,needs_id,Sumac Leaftier Moth,Episimus argutana,Sumac Leaftier Moth,Insecta,357353
Corey Callaghan,needs_id,Long-snouted Penthesilea Moth,Penthesilea sacculalis,Long-snouted Penthesilea Moth,Insecta,324648
Corey Callaghan,needs_id,Ufa,Ufa,,Insecta,461906
Corey Callaghan,research,Heppner's Grass Tubeworm Moth,Acrolophus heppneri,Heppner's Grass Tubeworm Moth,Insecta,474497
Corey Callaghan,research,Four-spotted Mantidfly,Dicromantispa interrupta,Four-spotted Mantidfly,Insecta,218406
Corey Callaghan,needs_id,Enochrus,Enochrus,,Insecta,173601
Corey Callaghan,needs_id,Scarabs,Scarabaeidae,Scarabs,Insecta,48201
Corey Callaghan,needs_id,American Long-horned Caddisfly,Leptocerus americanus,American Long-horned Caddisfly,Insecta,223431
Corey Callaghan,research,Oxydia vesulia,Oxydia vesulia,,Insecta,478783
Corey Callaghan,needs_id,Termites,Termitoidae,Termites,Insecta,118903
Corey Callaghan,needs_id,Caddisflies,Trichoptera,Caddisflies,Insecta,62164
Corey Callaghan,needs_id,Carpet-grass Webworm Moth,Fissicrambus haytiellus,Carpet-grass Webworm Moth,Insecta,324606
Corey Callaghan,research,Watermilfoil Leafcutter Moth,Parapoynx allionealis,Watermilfoil Leafcutter Moth,Insecta,227082
Corey Callaghan,needs_id,Glover's Bagworm Moth,Cryptothelea gloverii,Glover's Bagworm Moth,Insecta,257400
Corey Callaghan,needs_id,Grass Tubeworm Moths,Acrolophus,Grass Tubeworm Moths,Insecta,118929
Corey Callaghan,research,Yellow-winged Pareuchaetes Moth,Pareuchaetes insulata,Yellow-winged Pareuchaetes Moth,Insecta,257008
Corey Callaghan,research,Waterlily Borer Moth,Elophila gyralis,Waterlily Borer Moth,Insecta,332646
Corey Callaghan,research,Dotted Diatraea,Diatraea lisetta,Dotted Diatraea,Insecta,218331
Corey Callaghan,research,Satin Rupela,Rupela tinctella,Satin Rupela,Insecta,509720
Corey Callaghan,research,Dainty Sulphur,Nathalis iole,Dainty Sulphur,Insecta,51773
Corey Callaghan,research,Common Fanpetals,Sida ulmifolia,Common Fanpetals,Plantae,131597
Corey Callaghan,research,Broad-leaved gulfweed,Sargassum fluitans,Broad-leaved gulfweed,Chromista,134103
Corey Callaghan,needs_id,Asyndetus interruptus,Asyndetus interruptus,,Insecta,329831
Corey Callaghan,research,Black Skimmer,Rynchops niger,Black Skimmer,Aves,4496
Corey Callaghan,research,Sandwich Tern,Thalasseus sandvicensis,Sandwich Tern,Aves,144541
Corey Callaghan,research,Black Spiny-tailed Iguana,Ctenosaura similis,Black Spiny-tailed Iguana,Reptilia,35303
Corey Callaghan,research,Black Spiny-tailed Iguana,Ctenosaura similis,Black Spiny-tailed Iguana,Reptilia,35303
Corey Callaghan,research,Red-bellied Woodpecker,Melanerpes carolinus,Red-bellied Woodpecker,Aves,18205
Corey Callaghan,research,Laughing Gull,Leucophaeus atricilla,Laughing Gull,Aves,144514
Corey Callaghan,research,Least Tern,Sternula antillarum,Least Tern,Aves,144530
Corey Callaghan,research,Sanderling,Calidris alba,Sanderling,Aves,3849
Corey Callaghan,research,Ruddy Turnstone,Arenaria interpres,Ruddy Turnstone,Aves,3938
Corey Callaghan,research,Brown Pelican,Pelecanus occidentalis,Brown Pelican,Aves,4328
Corey Callaghan,research,Royal Tern,Thalasseus maximus,Royal Tern,Aves,144539
Corey Callaghan,research,Magnificent Frigatebird,Fregata magnificens,Magnificent Frigatebird,Aves,4631
Corey Callaghan,research,Semipalmated Plover,Charadrius semipalmatus,Semipalmated Plover,Aves,4817
Corey Callaghan,research,Mottled Shore Crab,Pachygrapsus transversus,Mottled Shore Crab,Animalia,195201
Corey Callaghan,research,Zebra Periwinkle,Echinolittorina ziczac,Zebra Periwinkle,Mollusca,292441
Corey Callaghan,research,Eastern Giant Swallowtail,Heraclides cresphontes,Eastern Giant Swallowtail,Insecta,85024
Corey Callaghan,research,Largeflower Pusley,Richardia grandiflora,Largeflower Pusley,Plantae,52078
Corey Callaghan,research,House Sparrow,Passer domesticus,House Sparrow,Aves,13858
Corey Callaghan,research,Eastern Pondhawk,Erythemis simplicicollis,Eastern Pondhawk,Insecta,61495
Corey Callaghan,research,Yellow-legged Mud-dauber Wasp,Sceliphron caementarium,Yellow-legged Mud-dauber Wasp,Insecta,121821
Corey Callaghan,research,Domestic Muscovy Duck,Cairina moschata domestica,Domestic Muscovy Duck,Aves,204094
Corey Callaghan,research,Eastern Gray Squirrel,Sciurus carolinensis,Eastern Gray Squirrel,Mammalia,46017
Corey Callaghan,research,Pond Slider,Trachemys scripta,Pond Slider,Reptilia,39782
Corey Callaghan,research,Florida Carpenter Ant,Camponotus floridanus,Florida Carpenter Ant,Insecta,81709
Corey Callaghan,research,Green Anole,Anolis carolinensis,Green Anole,Reptilia,36514
Corey Callaghan,research,Ruddy Daggerwing,Marpesia petreus,Ruddy Daggerwing,Insecta,50283
Corey Callaghan,research,Three-spotted Skipper,Cymaenes tripunctus,Three-spotted Skipper,Insecta,218000
Corey Callaghan,research,Monarch,Danaus plexippus,Monarch,Insecta,48662
Corey Callaghan,research,Gray Catbird,Dumetella carolinensis,Gray Catbird,Aves,14995
Corey Callaghan,research,Spanish moss,Tillandsia usneoides,Spanish moss,Plantae,49569
Corey Callaghan,research,Blue Jay,Cyanocitta cristata,Blue Jay,Aves,8229
Corey Callaghan,research,Monk Skipper,Choranthus capucinus,Monk Skipper,Insecta,1557768
Corey Callaghan,research,Largeflower Pusley,Richardia grandiflora,Largeflower Pusley,Plantae,52078
Corey Callaghan,research,Horace's Duskywing,Erynnis horatius,Horace's Duskywing,Insecta,50071
Corey Callaghan,research,Three-spotted Skipper,Cymaenes tripunctus,Three-spotted Skipper,Insecta,218000
Corey Callaghan,research,Dusky-winged Hover Fly,Ocyptamus fuscipennis,Dusky-winged Hover Fly,Insecta,362836
Corey Callaghan,research,Virginia creeper,Parthenocissus quinquefolia,Virginia creeper,Plantae,50278
Corey Callaghan,research,Fiery Skipper,Hylephila phyleus,Fiery Skipper,Insecta,50340
Corey Callaghan,research,Margined Leatherwing Beetle,Chauliognathus marginatus,Margined Leatherwing Beetle,Insecta,84040
Corey Callaghan,research,red maple,Acer rubrum,red maple,Plantae,48098
Corey Callaghan,research,White beggarticks,Bidens alba,White beggarticks,Plantae,1095846
Corey Callaghan,research,Western Honey Bee,Apis mellifera,Western Honey Bee,Insecta,47219
Corey Callaghan,research,Great Southern White,Ascia monuste,Great Southern White,Insecta,51536
Corey Callaghan,research,Poecilanthrax lucifer,Poecilanthrax lucifer,,Insecta,68918
Corey Callaghan,research,Dainty Sulphur,Nathalis iole,Dainty Sulphur,Insecta,51773
Corey Callaghan,research,Banded Watersnake,Nerodia fasciata,Banded Watersnake,Reptilia,29317
Corey Callaghan,research,Common Gallinule,Gallinula galeata,Common Gallinule,Aves,144479
Corey Callaghan,research,White Ibis,Eudocimus albus,White Ibis,Aves,3751
Corey Callaghan,research,Mayan Cichlid,Mayaheros urophthalmus,Mayan Cichlid,Actinopterygii,623746
Corey Callaghan,research,Halloween Pennant,Celithemis eponina,Halloween Pennant,Insecta,50147
Corey Callaghan,research,Brown Anole,Anolis sagrei,Brown Anole,Reptilia,116461
Corey Callaghan,research,Tricolored Heron,Egretta tricolor,Tricolored Heron,Aves,4938
Corey Callaghan,research,Red-winged Blackbird,Agelaius phoeniceus,Red-winged Blackbird,Aves,9744
Corey Callaghan,research,Pond Slider,Trachemys scripta,Pond Slider,Reptilia,39782
Corey Callaghan,research,pickerelweed,Pontederia cordata,pickerelweed,Plantae,52599
Corey Callaghan,research,Southern Swamp Crinum,Crinum americanum,Southern Swamp Crinum,Plantae,128713
Corey Callaghan,needs_id,Bunchy Flat-Sedge,Cyperus polystachyos,Bunchy flat-sedge,Plantae,161476
Corey Callaghan,research,herbwilliam,Ptilimnium capillaceum,herbwilliam,Plantae,128655
Corey Callaghan,research,Poecilanthrax lucifer,Poecilanthrax lucifer,,Insecta,68918
Corey Callaghan,research,Triorla interrupta,Triorla interrupta,,Insecta,61658
Corey Callaghan,research,White Peacock,Anartia jatrophae,White Peacock,Insecta,49761
Corey Callaghan,research,marsh fleabane,Pluchea odorata,marsh fleabane,Plantae,60146
Corey Callaghan,research,Yellow-legged Mud-dauber Wasp,Sceliphron caementarium,Yellow-legged Mud-dauber Wasp,Insecta,121821
Corey Callaghan,research,Herb-of-Grace,Bacopa monnieri,Herb-of-Grace,Plantae,75732
Corey Callaghan,research,American Coot,Fulica americana,American Coot,Aves,473
Corey Callaghan,research,Purple Gallinule,Porphyrio martinica,Purple Gallinule,Aves,519
Corey Callaghan,research,Pied-billed Grebe,Podilymbus podiceps,Pied-billed Grebe,Aves,4246
Corey Callaghan,research,Horace's Duskywing,Erynnis horatius,Horace's Duskywing,Insecta,50071
Corey Callaghan,needs_id,soft-stemmed bulrush,Schoenoplectus tabernaemontani,soft-stemmed bulrush,Plantae,78998
Corey Callaghan,research,spatterdock,Nuphar advena,spatterdock,Plantae,82504
Corey Callaghan,research,White Ibis,Eudocimus albus,White Ibis,Aves,3751
Corey Callaghan,research,Spinybacked Orbweaver,Gasteracantha cancriformis,Spinybacked Orbweaver,Arachnida,49540
Corey Callaghan,research,Egyptian Goose,Alopochen aegyptiaca,Egyptian Goose,Aves,72486
Corey Callaghan,needs_id,napier grass,Cenchrus purpureus,napier grass,Plantae,370562
Corey Callaghan,needs_id,shoebutton Ardisia,Ardisia elliptica,shoebutton Ardisia,Plantae,158587
Corey Callaghan,needs_id,southern live oak,Quercus virginiana,southern live oak,Plantae,49013
Corey Callaghan,needs_id,Vasey Grass,Paspalum urvillei,Vasey Grass,Plantae,78356
Corey Callaghan,needs_id,Cure-for-all,Pluchea carolinensis,Cure-for-all,Plantae,167068
Corey Callaghan,needs_id,Burma Reed,Neyraudia reynaudiana,Burma Reed,Plantae,165701
Corey Callaghan,research,Earpod Wattle,Acacia auriculiformis,Earpod Wattle,Plantae,52445
Corey Callaghan,research,trailing daisy,Sphagneticola trilobata,trailing daisy,Plantae,246102
Corey Callaghan,needs_id,White leadtree,Leucaena leucocephala,White leadtree,Plantae,47447
Corey Callaghan,research,Carolina willow,Salix caroliniana,Carolina willow,Plantae,125683
Corey Callaghan,research,Saltmarsh mallow,Kosteletzkya pentacarpos,Saltmarsh mallow,Plantae,131656
Corey Callaghan,research,Swamp Rosemallow,Hibiscus grandiflorus,Swamp Rosemallow,Plantae,163766
Corey Callaghan,research,lanceleaf arrowhead,Sagittaria lancifolia,lanceleaf arrowhead,Plantae,69813
Corey Callaghan,needs_id,Blue Porterweed,Stachytarpheta jamaicensis,Blue Porterweed,Plantae,169322
Corey Callaghan,research,West Indian Mahogany,Swietenia mahagoni,West Indian Mahogany,Plantae,497641
Corey Callaghan,research,pineland heliotrope,Euploca polyphylla,pineland heliotrope,Plantae,769874
Corey Callaghan,research,dune groundcherry,Physalis walteri,dune groundcherry,Plantae,131208
Corey Callaghan,research,Jamaican feverplant,Tribulus cistoides,Jamaican feverplant,Plantae,169915
Corey Callaghan,research,Button Sage,Lantana involucrata,Button Sage,Plantae,133331
Corey Callaghan,research,Green Buttonwood,Conocarpus erectus,Green Buttonwood,Plantae,62850
Corey Callaghan,research,Yellow alder,Turnera ulmifolia,Yellow alder,Plantae,170055
Corey Callaghan,needs_id,grasses,Poaceae,grasses,Plantae,47434
Corey Callaghan,research,pondcypress,Taxodium ascendens,pondcypress,Plantae,169570
Corey Callaghan,research,dogfennel,Eupatorium capillifolium,dogfennel,Plantae,131154
Corey Callaghan,research,marsh pink,Sabatia stellaris,marsh pink,Plantae,126339
Corey Callaghan,research,Scrub Palmetto,Sabal etonia,Scrub Palmetto,Plantae,168256
Corey Callaghan,research,Brazilian pepper,Schinus terebinthifolia,Brazilian pepper,Plantae,130872
Corey Callaghan,research,common ragweed,Ambrosia artemisiifolia,common ragweed,Plantae,53587
Corey Callaghan,research,Brazilian pepper,Schinus terebinthifolia,Brazilian pepper,Plantae,130872
Corey Callaghan,research,buttonbush,Cephalanthus occidentalis,buttonbush,Plantae,52763
Corey Callaghan,research,Giant leather fern,Acrostichum danaeifolium,Giant leather fern,Plantae,130818
Corey Callaghan,research,peppervine,Nekemias arborea,peppervine,Plantae,551846
Corey Callaghan,needs_id,Silverling,Baccharis glomeruliflora,Silverling,Plantae,159124
Corey Callaghan,needs_id,Swamp Sawgrass,Cladium mariscus,Swamp Sawgrass,Plantae,160659
Corey Callaghan,research,Peruvian primrose-willow,Ludwigia peruviana,Peruvian primrose-willow,Plantae,50338
Corey Callaghan,research,Carolina willow,Salix caroliniana,Carolina willow,Plantae,125683
Corey Callaghan,research,cabbage palmetto,Sabal palmetto,cabbage palmetto,Plantae,123481
Corey Callaghan,research,false nettle,Boehmeria cylindrica,false nettle,Plantae,75832
Corey Callaghan,research,Santa Maria feverfew,Parthenium hysterophorus,Santa Maria feverfew,Plantae,126424
Corey Callaghan,research,White beggarticks,Bidens alba,White beggarticks,Plantae,1095846
Corey Callaghan,needs_id,Silverling,Baccharis glomeruliflora,Silverling,Plantae,159124
Corey Callaghan,research,Brazilian pepper,Schinus terebinthifolia,Brazilian pepper,Plantae,130872
Corey Callaghan,research,tropical flatsedge,Cyperus surinamensis,tropical flatsedge,Plantae,161496
Corey Callaghan,research,whitetop sedge,Rhynchospora colorata,whitetop sedge,Plantae,132685
Corey Callaghan,needs_id,buttonbush,Cephalanthus occidentalis,buttonbush,Plantae,52763
Corey Callaghan,research,shrubby false buttonweed,Spermacoce verticillata,shrubby false buttonweed,Plantae,169171
Corey Callaghan,research,White Sweetclover,Melilotus albus,White Sweetclover,Plantae,58907
Corey Callaghan,needs_id,Hairypod Cowpea,Vigna luteola,Hairypod Cowpea,Plantae,131583
Corey Callaghan,research,Carolina willow,Salix caroliniana,Carolina willow,Plantae,125683
Corey Callaghan,research,Broad-leaved paperbark,Melaleuca quinquenervia,Broad-leaved paperbark,Plantae,120527
Corey Callaghan,needs_id,Fragrant Beaksedge,Rhynchospora odorata,Fragrant Beaksedge,Plantae,167888
Corey Callaghan,needs_id,Southern Seaside Goldenrod,Solidago mexicana,Southern Seaside Goldenrod,Plantae,954006
Corey Callaghan,needs_id,false foxgloves,Agalinis,false foxgloves,Plantae,62403
Corey Callaghan,needs_id,bluemink,Ageratum houstonianum,bluemink,Plantae,120944
Corey Callaghan,research,dogfennel,Eupatorium capillifolium,dogfennel,Plantae,131154
Corey Callaghan,research,Common Grackle,Quiscalus quiscula,Common Grackle,Aves,9602
Corey Callaghan,research,Southern Beeblossom,Oenothera simulans,Southern Beeblossom,Plantae,914039
Corey Callaghan,research,common ragweed,Ambrosia artemisiifolia,common ragweed,Plantae,53587
Corey Callaghan,research,White beggarticks,Bidens alba,White beggarticks,Plantae,1095846
Corey Callaghan,research,water lettuce,Pistia stratiotes,water lettuce,Plantae,78589
Corey Callaghan,needs_id,Broad-leaved paperbark,Melaleuca quinquenervia,Broad-leaved paperbark,Plantae,120527
Corey Callaghan,research,saw greenbrier,Smilax bona-nox,saw greenbrier,Plantae,125677
Corey Callaghan,needs_id,Fragrant Beaksedge,Rhynchospora odorata,Fragrant Beaksedge,Plantae,167888
Corey Callaghan,research,Carolina willow,Salix caroliniana,Carolina willow,Plantae,125683
Corey Callaghan,research,Eastern Lubber Grasshopper,Romalea microptera,Eastern Lubber Grasshopper,Insecta,466003
Corey Callaghan,needs_id,groundcherries,Physalis,groundcherries,Plantae,51733
Corey Callaghan,research,shrubby false buttonweed,Spermacoce verticillata,shrubby false buttonweed,Plantae,169171
Corey Callaghan,research,White beggarticks,Bidens alba,White beggarticks,Plantae,1095846
Corey Callaghan,needs_id,Common Nighthawk,Chordeiles minor,Common Nighthawk,Aves,19577
